CS488047707,,,,,,,,,
CS488047707,USD,2023/10/5,404.58,10897057,2023/10/11,OMS,,AP,
CS488047707,USD,2023/10/5,217.09,11186090,2023/10/18,OMS,,AP,
CS488314165,,,,,,,,,
CS488314165,USD,2023/10/5,171.17,10897057,2023/10/11,OMS,,AP,
CS488314165,USD,2023/10/5,450.5,11186090,2023/10/18,OMS,,AP,
CS488249776,,,,,,,,,
CS488249776,USD,2023/10/9,450.5,10982635,2023/10/16,OMS,,AP,
CS488249776,USD,2023/10/9,171.17,11186090,2023/10/18,OMS,,AP,
CS488396496,,,,,,,,,
CS488396496,USD,2023/10/9,217.09,10982635,2023/10/16,OMS,,AP,
CS488396496,USD,2023/10/9,404.58,11186090,2023/10/18,OMS,,AP,
CS488277565,,,,,,,,,
CS488277565,USD,2023/10/4,579.21,10897057,2023/10/11,OMS,,AP,
CS488112734,,,,,,,,,
CS488112734,USD,2023/10/4,129.67,10897057,2023/10/11,OMS,,AP,
CS488112734,USD,2023/10/4,457.32,11186090,2023/10/18,OMS,,AP,
CS488126481,,,,,,,,,
CS488126481,USD,2023/10/4,129.67,10897057,2023/10/11,OMS,,AP,
CS488126481,USD,2023/10/4,457.32,11186090,2023/10/18,OMS,,AP,
CS488126481,USD,2023/11/16,-586.99,11628598,2023/11/16,OMS,,AP,
CS488126481,USD,2023/11/16,-200,11628598,2023/11/16,OMS,,AP,
CS488126481,USD,2023/11/24,227.81,11794287,2023/11/24,OMS,,AP,
CS488134319,,,,,,,,,
CS488134319,USD,2023/10/4,146.1,10897057,2023/10/11,OMS,,AP,
CS488292903,,,,,,,,,
CS488292903,USD,2023/10/4,155.61,10897057,2023/10/11,OMS,,AP,
CS488292903,USD,2023/10/4,431.38,11186090,2023/10/18,OMS,,AP,
CS488347355,,,,,,,,,
488347355,USD,2023/10/30,155.61,11546010,2023/11/6,OMS,,AP,
CS488347355,USD,2023/10/4,155.61,10897057,2023/10/11,OMS,,AP,
CS488347355,USD,2023/10/4,275.77,11186090,2023/10/18,OMS,,AP,
CS488357228,,,,,,,,,
CS488357228,USD,2023/10/4,40.54,10897057,2023/10/11,OMS,,AP,
CS488357228,USD,2023/10/4,61.43,11186090,2023/10/18,OMS,,AP,
CS488421210,,,,,,,,,
CS488421210,USD,2023/10/4,40.54,10897057,2023/10/11,OMS,,AP,
CS488421210,USD,2023/10/4,61.43,11186090,2023/10/18,OMS,,AP,
CA488267884,,,,,,,,,
CA488267884,USD,2023/10/9,547.03,10982635,2023/10/16,OMS,,AP,
CS488088739,,,,,,,,,
CS488088739,USD,2023/10/9,547.03,10982635,2023/10/16,OMS,,AP,
CS488024200,,,,,,,,,
CS488024200,USD,2023/10/4,575.86,10897057,2023/10/11,OMS,,AP,
CS488027138,,,,,,,,,
CS488027138,USD,2023/10/4,575.86,10897057,2023/10/11,OMS,,AP,
CS488056763,,,,,,,,,
CS488056763,USD,2023/10/4,575.86,10897057,2023/10/11,OMS,,AP,
CS488073667,,,,,,,,,
CS488073667,USD,2023/10/4,575.86,10897057,2023/10/11,OMS,,AP,
CS488081176,,,,,,,,,
CS488081176,USD,2023/10/4,575.86,10897057,2023/10/11,OMS,,AP,
CS488126448,,,,,,,,,
CS488126448,USD,2023/10/4,575.86,10897057,2023/10/11,OMS,,AP,
CS488128717,,,,,,,,,
CS488128717,USD,2023/10/4,575.86,10897057,2023/10/11,OMS,,AP,
CS488136532,,,,,,,,,
CS488136532,USD,2023/10/4,575.86,10897057,2023/10/11,OMS,,AP,
CS488150207,,,,,,,,,
CS488150207,USD,2023/10/4,575.86,10897057,2023/10/11,OMS,,AP,
CS488181019,,,,,,,,,
CS488181019,USD,2023/10/4,575.86,10897057,2023/10/11,OMS,,AP,
CS488224997,,,,,,,,,
CS488224997,USD,2023/10/4,575.86,10897057,2023/10/11,OMS,,AP,
CS488293440,,,,,,,,,
CS488293440,USD,2023/10/4,575.86,10897057,2023/10/11,OMS,,AP,
CS488296069,,,,,,,,,
CS488296069,USD,2023/10/4,575.86,10897057,2023/10/11,OMS,,AP,
CS488330156,,,,,,,,,
CS488330156,USD,2023/10/4,575.86,10897057,2023/10/11,OMS,,AP,
CS488355442,,,,,,,,,
CS488355442,USD,2023/10/4,575.86,10897057,2023/10/11,OMS,,AP,
CS488437385,,,,,,,,,
CS488437385,USD,2023/10/4,575.86,10897057,2023/10/11,OMS,,AP,
CS488455686,,,,,,,,,
CS488455686,USD,2023/10/4,575.86,10897057,2023/10/11,OMS,,AP,
CS488461726,,,,,,,,,
CS488461726,USD,2023/10/4,575.86,10897057,2023/10/11,OMS,,AP,
CS488461990,,,,,,,,,
CS488461990,USD,2023/10/4,575.86,10897057,2023/10/11,OMS,,AP,
CS488464319,,,,,,,,,
CS488464319,USD,2023/10/4,575.86,10897057,2023/10/11,OMS,,AP,
CS488481983,,,,,,,,,
CS488481983,USD,2023/10/4,575.86,10897057,2023/10/11,OMS,,AP,
CS488280670,,,,,,,,,
CS488280670,USD,2023/10/4,118.3,10897057,2023/10/11,OMS,,AP,
CS488280670,USD,2023/11/8,-118.3,11476678,2023/11/10,OMS,,AP,
CS488280670,USD,2023/11/8,-50,11476678,2023/11/10,OMS,,AP,
CS488029539,,,,,,,,,
CS488029539,USD,2023/10/4,300.3,10897057,2023/10/11,OMS,,AP,
CS488029539,USD,2023/10/4,354.9,11186090,2023/10/18,OMS,,AP,
CS488160020,,,,,,,,,
CS488160020,USD,2023/10/4,655.2,10897057,2023/10/11,OMS,,AP,
CS488297133,,,,,,,,,
CS488297133,USD,2023/10/4,354.9,10897057,2023/10/11,OMS,,AP,
CS488297133,USD,2023/10/4,300.3,11186090,2023/10/18,OMS,,AP,
CS488002483,,,,,,,,,
CS488002483,USD,2023/10/5,547.03,10897057,2023/10/11,OMS,,AP,
CS488121719,,,,,,,,,
CS488121719,USD,2023/10/5,547.03,10897057,2023/10/11,OMS,,AP,
CS488121719,USD,2023/12/6,-547.03,12015881,2023/12/6,OMS,,AP,
CS488121719,USD,2023/12/6,-50,12015881,2023/12/6,OMS,,AP,
CS488121719_43457220,USD,2024/1/9,547.03,200003615210002000,2024/1/30,OMS,16,AP,
CS488121719_43457221,USD,2024/1/9,50,200003615210002000,2024/1/30,OMS,16,AP,
CS488344728,,,,,,,,,
CS488344728,USD,2023/10/5,547.03,10897057,2023/10/11,OMS,,AP,
CA488367382,,,,,,,,,
CA488367382,USD,2023/10/5,575.86,10897057,2023/10/11,OMS,,AP,
CA488485535,,,,,,,,,
CA488485535,USD,2023/10/5,575.86,10897057,2023/10/11,OMS,,AP,
CS488014391,,,,,,,,,
CS488014391,USD,2023/10/5,575.86,10897057,2023/10/11,OMS,,AP,
CS488033821,,,,,,,,,
CS488033821,USD,2023/10/5,575.86,10897057,2023/10/11,OMS,,AP,
CS488088396,,,,,,,,,
CS488088396,USD,2023/10/5,575.86,10897057,2023/10/11,OMS,,AP,
CS488148487,,,,,,,,,
CS488148487,USD,2023/10/5,575.86,10897057,2023/10/11,OMS,,AP,
CS488245246,,,,,,,,,
CS488245246,USD,2023/10/5,575.86,10897057,2023/10/11,OMS,,AP,
CS488348039,,,,,,,,,
CS488348039,USD,2023/10/5,575.86,10897057,2023/10/11,OMS,,AP,
CS488378484,,,,,,,,,
CS488378484,USD,2023/10/5,575.86,10897057,2023/10/11,OMS,,AP,
CS488381566,,,,,,,,,
CS488381566,USD,2023/10/5,575.86,10897057,2023/10/11,OMS,,AP,
CS488397719,,,,,,,,,
CS488397719,USD,2023/10/5,575.86,10897057,2023/10/11,OMS,,AP,
CS488465146,,,,,,,,,
CS488465146,USD,2023/10/5,575.86,10897057,2023/10/11,OMS,,AP,
CS488346285,,,,,,,,,
488346285,USD,2023/10/30,181.99,11546010,2023/11/6,OMS,,AP,
CS488346285,USD,2023/10/4,182,10897057,2023/10/11,OMS,,AP,
CS488346285,USD,2023/10/4,90.09,11186090,2023/10/18,OMS,,AP,
CS488443085,,,,,,,,,
CS488443085,USD,2023/10/4,454.09,10897057,2023/10/11,OMS,,AP,
CS488221860,,,,,,,,,
CS488221860,USD,2023/10/7,272.09,10982635,2023/10/16,OMS,,AP,
CS488221860,USD,2023/10/7,182,11186090,2023/10/18,OMS,,AP,
CS488027447,,,,,,,,,
CS488027447,USD,2023/10/2,258.74,10816893,2023/10/9,OMS,,AP,
CS488088477,,,,,,,,,
CS488088477,USD,2023/10/2,242.57,10816893,2023/10/9,OMS,,AP,
CA488037113,,,,,,,,,
CA488037113,USD,2023/10/2,129.01,10816893,2023/10/9,OMS,,AP,
CA488037112,,,,,,,,,
CA488037112,USD,2023/10/2,129.73,10816893,2023/10/9,OMS,,AP,
CA488340836,,,,,,,,,
CA488340836,USD,2023/10/2,123.8,10816893,2023/10/9,OMS,,AP,
CA488340836,USD,2023/11/9,-47.84,11628961,2023/11/10,OMS,,AP,
CA488340836,USD,2023/11/14,-0.62,11722548,2023/11/14,OMS,,AP,
CA488340835,,,,,,,,,
CA488340835,USD,2023/10/2,124.49,10816893,2023/10/9,OMS,,AP,
CS488303619,,,,,,,,,
CS488303619,USD,2023/10/2,255.19,10816893,2023/10/9,OMS,,AP,
CS488342278,,,,,,,,,
CS488342278,USD,2023/10/2,239.25,10816893,2023/10/9,OMS,,AP,
CA488399162,,,,,,,,,
CA488399162,USD,2023/10/2,119.95,10816893,2023/10/9,OMS,,AP,
CA488399164,,,,,,,,,
CA488399164,USD,2023/10/2,119.3,10816893,2023/10/9,OMS,,AP,
CS488027580,,,,,,,,,
CS488027580,USD,2023/10/2,244.28,10816893,2023/10/9,OMS,,AP,
CA488261108,,,,,,,,,
CA488261108,USD,2023/10/2,116.84,10816893,2023/10/9,OMS,,AP,
CA488261109,,,,,,,,,
CA488261109,USD,2023/10/2,117.57,10816893,2023/10/9,OMS,,AP,
CA488359394,,,,,,,,,
CA488359394,USD,2023/10/2,116.84,10816893,2023/10/9,OMS,,AP,
CA488359395,,,,,,,,,
CA488359395,USD,2023/10/2,117.57,10816893,2023/10/9,OMS,,AP,
CS488045645,,,,,,,,,
CS488045645,USD,2023/10/5,77.81,10897057,2023/10/11,OMS,,AP,
CS488112951,,,,,,,,,
CS488112951,USD,2023/10/4,515.23,10897057,2023/10/11,OMS,,AP,
CS488363540,,,,,,,,,
CS488363540,USD,2023/10/4,515.23,10897057,2023/10/11,OMS,,AP,
CS488377378,,,,,,,,,
CS488377378,USD,2023/10/4,515.23,10897057,2023/10/11,OMS,,AP,
CS488087500,,,,,,,,,
CS488087500,USD,2023/10/4,573.18,10897057,2023/10/11,OMS,,AP,
CS486038989,,,,,,,,,
CS486038989,USD,2023/10/3,611.05,10897057,2023/10/11,OMS,,AP,
CA488230406,,,,,,,,,
CA488230406,USD,2023/10/3,611.05,10897057,2023/10/11,OMS,,AP,
CS485486014,,,,,,,,,
CS485486014,USD,2023/10/3,611.05,10897057,2023/10/11,OMS,,AP,
CS485497258,,,,,,,,,
CS485497258,USD,2023/10/3,611.05,10897057,2023/10/11,OMS,,AP,
CS485556200,,,,,,,,,
CS485556200,USD,2023/10/3,611.05,10897057,2023/10/11,OMS,,AP,
CS485708723,,,,,,,,,
CS485708723,USD,2023/10/3,611.05,10897057,2023/10/11,OMS,,AP,
CS485849695,,,,,,,,,
CS485849695,USD,2023/10/3,611.05,10897057,2023/10/11,OMS,,AP,
CS485895761,,,,,,,,,
CS485895761,USD,2023/10/3,611.05,10897057,2023/10/11,OMS,,AP,
CS485911871,,,,,,,,,
CS485911871,USD,2023/10/3,611.04,10897057,2023/10/11,OMS,,AP,
CS485984364,,,,,,,,,
CS485984364,USD,2023/10/3,611.05,10897057,2023/10/11,OMS,,AP,
CS486147968,,,,,,,,,
CS486147968,USD,2023/10/3,611.04,10897057,2023/10/11,OMS,,AP,
CS486508947,,,,,,,,,
CS486508947,USD,2023/10/3,611.05,10897057,2023/10/11,OMS,,AP,
CS486800948,,,,,,,,,
CS486800948,USD,2023/10/3,678.93,10897057,2023/10/11,OMS,,AP,
CS486927809,,,,,,,,,
CS486927809,USD,2023/10/3,678.93,10897057,2023/10/11,OMS,,AP,
CS487438523,,,,,,,,,
CS487438523,USD,2023/10/3,678.93,10897057,2023/10/11,OMS,,AP,
CS487447065,,,,,,,,,
CS487447065,USD,2023/10/3,678.93,10897057,2023/10/11,OMS,,AP,
CS487540428,,,,,,,,,
CS487540428,USD,2023/10/3,678.93,10897057,2023/10/11,OMS,,AP,
CS487563426,,,,,,,,,
CS487563426,USD,2023/10/3,678.93,10897057,2023/10/11,OMS,,AP,
CS487566953,,,,,,,,,
CS487566953,USD,2023/10/3,678.93,10897057,2023/10/11,OMS,,AP,
CS487581651,,,,,,,,,
CS487581651,USD,2023/10/3,678.93,10897057,2023/10/11,OMS,,AP,
CS487967097,,,,,,,,,
CS487967097,USD,2023/10/3,678.93,10897057,2023/10/11,OMS,,AP,
CS487983477,,,,,,,,,
CS487983477,USD,2023/10/3,611.05,10897057,2023/10/11,OMS,,AP,
CS488017823,,,,,,,,,
CS488017823,USD,2023/10/3,611.06,10897057,2023/10/11,OMS,,AP,
CS488070472,,,,,,,,,
CS488070472,USD,2023/10/3,611.05,10897057,2023/10/11,OMS,,AP,
CS488268918,,,,,,,,,
CS488268918,USD,2023/10/3,611.05,10897057,2023/10/11,OMS,,AP,
CS488344931,,,,,,,,,
CS488344931,USD,2023/10/3,611.05,10897057,2023/10/11,OMS,,AP,
CA486591980,,,,,,,,,
CA486591980,USD,2023/10/3,611.06,10897057,2023/10/11,OMS,,AP,
CA488001539,,,,,,,,,
CA488001539,USD,2023/10/3,611.05,10897057,2023/10/11,OMS,,AP,
CS484012793,,,,,,,,,
CS484012793,USD,2023/10/3,611.06,10897057,2023/10/11,OMS,,AP,
CS484023339,,,,,,,,,
CS484023339,USD,2023/10/3,611.06,10897057,2023/10/11,OMS,,AP,
CS484046797,,,,,,,,,
CS484046797,USD,2023/10/3,611.06,10897057,2023/10/11,OMS,,AP,
CS484046797,USD,2023/10/23,-14.23,11156277,2023/10/23,OMS,,AP,
CS484061417,,,,,,,,,
CS484061417,USD,2023/10/2,611.07,10816893,2023/10/9,OMS,,AP,
CS484064389,,,,,,,,,
CS484064389,USD,2023/10/3,611.06,10897057,2023/10/11,OMS,,AP,
CS484066965,,,,,,,,,
CS484066965,USD,2023/10/3,611.06,10897057,2023/10/11,OMS,,AP,
CS484197191,,,,,,,,,
CS484197191,USD,2023/10/3,611.06,10897057,2023/10/11,OMS,,AP,
CS485539791,,,,,,,,,
CS485539791,USD,2023/10/3,611.06,10897057,2023/10/11,OMS,,AP,
CS485837351,,,,,,,,,
CS485837351,USD,2023/10/3,611.06,10897057,2023/10/11,OMS,,AP,
CS486260779,,,,,,,,,
CS486260779,USD,2023/10/3,611.06,10897057,2023/10/11,OMS,,AP,
CS486433508,,,,,,,,,
CS486433508,USD,2023/10/3,611.06,10897057,2023/10/11,OMS,,AP,
CS486534759,,,,,,,,,
CS486534759,USD,2023/10/3,611.06,10897057,2023/10/11,OMS,,AP,
CS486538611,,,,,,,,,
CS486538611,USD,2023/10/3,611.06,10897057,2023/10/11,OMS,,AP,
CS486589749,,,,,,,,,
CS486589749,USD,2023/10/3,611.06,10897057,2023/10/11,OMS,,AP,
CS486612762,,,,,,,,,
CS486612762,USD,2023/10/3,611.06,10897057,2023/10/11,OMS,,AP,
CS486936051,,,,,,,,,
CS486936051,USD,2023/10/3,678.93,10897057,2023/10/11,OMS,,AP,
CS486955492,,,,,,,,,
CS486955492,USD,2023/10/3,678.93,10897057,2023/10/11,OMS,,AP,
CS487503985,,,,,,,,,
CS487503985,USD,2023/10/3,678.93,10897057,2023/10/11,OMS,,AP,
CS487967508,,,,,,,,,
CS487967508,USD,2023/10/3,678.93,10897057,2023/10/11,OMS,,AP,
CS487967508,USD,2023/11/24,-18.86,11794287,2023/11/24,OMS,,AP,
CS487984496,,,,,,,,,
CS487984496,USD,2023/10/3,611.06,10897057,2023/10/11,OMS,,AP,
CS488005948,,,,,,,,,
CS488005948,USD,2023/10/3,611.06,10897057,2023/10/11,OMS,,AP,
CS488205301,,,,,,,,,
CS488205301,USD,2023/10/3,611.06,10897057,2023/10/11,OMS,,AP,
CS488205301,USD,2023/10/23,-45.65,11156277,2023/10/23,OMS,,AP,
CS488205301,USD,2023/11/20,-50.03,11706385,2023/11/20,OMS,,AP,
CS488205301,USD,2023/12/14,-305.53,12172763,2023/12/14,OMS,,AP,
CS488205301,USD,2023/12/22,-27.13,12290209,2023/12/22,OMS,,AP,
CS488343838,,,,,,,,,
CS488343838,USD,2023/10/3,611.06,10897057,2023/10/11,OMS,,AP,
CS488395456,,,,,,,,,
CS488395456,USD,2023/10/3,611.05,10897057,2023/10/11,OMS,,AP,
CS488450103,,,,,,,,,
CS488450103,USD,2023/10/3,611.06,10897057,2023/10/11,OMS,,AP,
CS488486919,,,,,,,,,
CS488486919,USD,2023/10/3,611.06,10897057,2023/10/11,OMS,,AP,
CS488029928,,,,,,,,,
CS488029928,USD,2023/10/3,611.05,10897057,2023/10/11,OMS,,AP,
CS488041773,,,,,,,,,
CS488041773,USD,2023/10/3,611.05,10897057,2023/10/11,OMS,,AP,
CS488233131,,,,,,,,,
CS488233131,USD,2023/10/3,611.05,10897057,2023/10/11,OMS,,AP,
CS488247515,,,,,,,,,
CS488247515,USD,2023/10/3,611.05,10897057,2023/10/11,OMS,,AP,
CS488258580,,,,,,,,,
CS488258580,USD,2023/10/3,611.06,10897057,2023/10/11,OMS,,AP,
CS488309531,,,,,,,,,
CS488309531,USD,2023/10/3,611.05,10897057,2023/10/11,OMS,,AP,
CS488329867,,,,,,,,,
CS488329867,USD,2023/10/3,611.05,10897057,2023/10/11,OMS,,AP,
CS488337529,,,,,,,,,
CS488337529,USD,2023/10/3,611.05,10897057,2023/10/11,OMS,,AP,
CS488353843,,,,,,,,,
488353843-CR,USD,2023/10/30,-305.53,11395800,2023/11/6,OMS,,AP,
CS488353843,USD,2023/10/3,611.06,10897057,2023/10/11,OMS,,AP,
CS488367810,,,,,,,,,
CS488367810,USD,2023/10/3,611.05,10897057,2023/10/11,OMS,,AP,
CS488394131,,,,,,,,,
CS488394131,USD,2023/10/3,611.05,10897057,2023/10/11,OMS,,AP,
CS488403116,,,,,,,,,
CS488403116,USD,2023/10/3,611.06,10897057,2023/10/11,OMS,,AP,
CS488435150,,,,,,,,,
CS488435150,USD,2023/10/3,611.06,10897057,2023/10/11,OMS,,AP,
CS488445195,,,,,,,,,
CS488445195,USD,2023/10/3,611.05,10897057,2023/10/11,OMS,,AP,
CS488445518,,,,,,,,,
CS488445518,USD,2023/10/3,611.06,10897057,2023/10/11,OMS,,AP,
CS488464793,,,,,,,,,
CS488464793,USD,2023/10/3,611.06,10897057,2023/10/11,OMS,,AP,
CS488433299,,,,,,,,,
CS488433299,USD,2023/10/5,783.76,10897057,2023/10/11,OMS,,AP,
CS488027364,,,,,,,,,
CS488027364,USD,2023/10/4,287.57,10897057,2023/10/11,OMS,,AP,
CS488028505,,,,,,,,,
CS488028505,USD,2023/10/4,287.57,10897057,2023/10/11,OMS,,AP,
CS488047690,,,,,,,,,
CS488047690,USD,2023/10/4,287.57,10897057,2023/10/11,OMS,,AP,
CS488064488,,,,,,,,,
CS488064488,USD,2023/10/4,287.57,10897057,2023/10/11,OMS,,AP,
CS488142780,,,,,,,,,
CS488142780,USD,2023/10/4,287.57,10897057,2023/10/11,OMS,,AP,
CS488164976,,,,,,,,,
CS488164976,USD,2023/10/4,287.57,10897057,2023/10/11,OMS,,AP,
CS488169200,,,,,,,,,
CS488169200,USD,2023/10/4,287.57,10897057,2023/10/11,OMS,,AP,
CS488172214,,,,,,,,,
CS488172214,USD,2023/10/4,287.57,10897057,2023/10/11,OMS,,AP,
CS488192375,,,,,,,,,
CS488192375,USD,2023/10/4,287.57,10897057,2023/10/11,OMS,,AP,
CS488212876,,,,,,,,,
CS488212876,USD,2023/10/4,287.57,10897057,2023/10/11,OMS,,AP,
CS488329357,,,,,,,,,
CS488329357,USD,2023/10/4,287.57,10897057,2023/10/11,OMS,,AP,
CS488348187,,,,,,,,,
CS488348187,USD,2023/10/4,287.57,10897057,2023/10/11,OMS,,AP,
CS488445008,,,,,,,,,
CS488445008,USD,2023/10/4,287.57,10897057,2023/10/11,OMS,,AP,
CS488435167,,,,,,,,,
CS488435167,USD,2023/10/4,287.57,10897057,2023/10/11,OMS,,AP,
CS488448223,,,,,,,,,
CS488448223,USD,2023/10/4,287.57,10897057,2023/10/11,OMS,,AP,
CA488027451,,,,,,,,,
CA488027451,USD,2023/10/4,118.92,10897057,2023/10/11,OMS,,AP,
CA488027467,,,,,,,,,
CA488027467,USD,2023/10/5,49.73,10897057,2023/10/11,OMS,,AP,
CA488027441,,,,,,,,,
CA488027441,USD,2023/10/4,118.92,10897057,2023/10/11,OMS,,AP,
CA488334991,,,,,,,,,
CA488334991,USD,2023/10/4,118.92,10897057,2023/10/11,OMS,,AP,
CA488334993,,,,,,,,,
CA488334993,USD,2023/10/4,49.73,10897057,2023/10/11,OMS,,AP,
CA488334989,,,,,,,,,
CA488334989,USD,2023/10/4,118.92,10897057,2023/10/11,OMS,,AP,
CA488238452,,,,,,,,,
CA488238452,USD,2023/10/4,118.92,10897057,2023/10/11,OMS,,AP,
CA488238454,,,,,,,,,
CA488238454,USD,2023/10/4,49.73,10897057,2023/10/11,OMS,,AP,
CA488238451,,,,,,,,,
CA488238451,USD,2023/10/4,118.92,10897057,2023/10/11,OMS,,AP,
CS486958583,,,,,,,,,
CS486958583,USD,2023/10/4,290.47,10897057,2023/10/11,OMS,,AP,
CS486970251,,,,,,,,,
CS486970251,USD,2023/10/4,290.47,10897057,2023/10/11,OMS,,AP,
CS486970469,,,,,,,,,
CS486970469,USD,2023/10/4,290.47,10897057,2023/10/11,OMS,,AP,
CS486973261,,,,,,,,,
CS486973261,USD,2023/10/4,290.47,10897057,2023/10/11,OMS,,AP,
CS486973746,,,,,,,,,
CS486973746,USD,2023/10/4,290.47,10897057,2023/10/11,OMS,,AP,
CS486983801,,,,,,,,,
CS486983801,USD,2023/10/4,290.47,10897057,2023/10/11,OMS,,AP,
CS486992976,,,,,,,,,
CS486992976,USD,2023/10/4,290.47,10897057,2023/10/11,OMS,,AP,
CS486993242,,,,,,,,,
CS486993242,USD,2023/10/4,290.47,10897057,2023/10/11,OMS,,AP,
CS486995765,,,,,,,,,
CS486995765,USD,2023/10/4,290.47,10897057,2023/10/11,OMS,,AP,
CS487013224,,,,,,,,,
CS487013224,USD,2023/10/4,290.47,10897057,2023/10/11,OMS,,AP,
CS487013460,,,,,,,,,
CS487013460,USD,2023/10/4,290.47,10897057,2023/10/11,OMS,,AP,
CS487042601,,,,,,,,,
CS487042601,USD,2023/10/4,290.47,10897057,2023/10/11,OMS,,AP,
CS487053522,,,,,,,,,
CS487053522,USD,2023/10/4,290.47,10897057,2023/10/11,OMS,,AP,
CS487062812,,,,,,,,,
CS487062812,USD,2023/10/4,290.47,10897057,2023/10/11,OMS,,AP,
CS487091978,,,,,,,,,
CS487091978,USD,2023/10/4,290.47,10897057,2023/10/11,OMS,,AP,
CS487092460,,,,,,,,,
CS487092460,USD,2023/10/4,290.47,10897057,2023/10/11,OMS,,AP,
CS487098334,,,,,,,,,
CS487098334,USD,2023/10/4,290.47,10897057,2023/10/11,OMS,,AP,
CS487107098,,,,,,,,,
CS487107098,USD,2023/10/4,290.47,10897057,2023/10/11,OMS,,AP,
CS487115724,,,,,,,,,
CS487115724,USD,2023/10/4,290.47,10897057,2023/10/11,OMS,,AP,
CS487118091,,,,,,,,,
CS487118091,USD,2023/10/4,290.47,10897057,2023/10/11,OMS,,AP,
CS487119200,,,,,,,,,
CS487119200,USD,2023/10/4,290.47,10897057,2023/10/11,OMS,,AP,
CS487130868,,,,,,,,,
CS487130868,USD,2023/10/4,290.47,10897057,2023/10/11,OMS,,AP,
CS487138257,,,,,,,,,
CS487138257,USD,2023/10/4,290.47,10897057,2023/10/11,OMS,,AP,
CS487151941,,,,,,,,,
CS487151941,USD,2023/10/4,290.47,10897057,2023/10/11,OMS,,AP,
CS487176407,,,,,,,,,
CS487176407,USD,2023/10/4,290.47,10897057,2023/10/11,OMS,,AP,
CS487195104,,,,,,,,,
CS487195104,USD,2023/10/4,290.47,10897057,2023/10/11,OMS,,AP,
CS487208193,,,,,,,,,
CS487208193,USD,2023/10/4,290.47,10897057,2023/10/11,OMS,,AP,
CS487254775,,,,,,,,,
CS487254775,USD,2023/10/4,290.47,10897057,2023/10/11,OMS,,AP,
CS487284232,,,,,,,,,
CS487284232,USD,2023/10/4,290.47,10897057,2023/10/11,OMS,,AP,
CS487288913,,,,,,,,,
CS487288913,USD,2023/10/4,290.47,10897057,2023/10/11,OMS,,AP,
CS487290823,,,,,,,,,
CS487290823,USD,2023/10/4,290.47,10897057,2023/10/11,OMS,,AP,
CS487291118,,,,,,,,,
CS487291118,USD,2023/10/4,290.47,10897057,2023/10/11,OMS,,AP,
CS487300113,,,,,,,,,
CS487300113,USD,2023/10/4,290.47,10897057,2023/10/11,OMS,,AP,
CS487305910,,,,,,,,,
CS487305910,USD,2023/10/4,290.47,10897057,2023/10/11,OMS,,AP,
CS487307521,,,,,,,,,
CS487307521,USD,2023/10/4,290.47,10897057,2023/10/11,OMS,,AP,
CS487311012,,,,,,,,,
CS487311012,USD,2023/10/4,290.47,10897057,2023/10/11,OMS,,AP,
CS487319050,,,,,,,,,
CS487319050,USD,2023/10/4,290.47,10897057,2023/10/11,OMS,,AP,
CS487335690,,,,,,,,,
CS487335690,USD,2023/10/4,290.47,10897057,2023/10/11,OMS,,AP,
CS487341034,,,,,,,,,
CS487341034,USD,2023/10/4,290.47,10897057,2023/10/11,OMS,,AP,
CS487379960,,,,,,,,,
CS487379960,USD,2023/10/4,290.47,10897057,2023/10/11,OMS,,AP,
CS487393541,,,,,,,,,
CS487393541,USD,2023/10/4,290.47,10897057,2023/10/11,OMS,,AP,
CS487414748,,,,,,,,,
CS487414748,USD,2023/10/4,290.47,10897057,2023/10/11,OMS,,AP,
CS487415387,,,,,,,,,
CS487415387,USD,2023/10/4,290.47,10897057,2023/10/11,OMS,,AP,
CS488181997,,,,,,,,,
CS488181997,USD,2023/10/4,287.57,10897057,2023/10/11,OMS,,AP,
CS488190927,,,,,,,,,
CS488190927,USD,2023/10/4,287.57,10897057,2023/10/11,OMS,,AP,
CS488195357,,,,,,,,,
CS488195357,USD,2023/10/4,287.57,10897057,2023/10/11,OMS,,AP,
CS488226671,,,,,,,,,
CS488226671,USD,2023/10/4,287.57,10897057,2023/10/11,OMS,,AP,
CS488226946,,,,,,,,,
CS488226946,USD,2023/10/4,287.57,10897057,2023/10/11,OMS,,AP,
CS488239288,,,,,,,,,
CS488239288,USD,2023/10/4,287.57,10897057,2023/10/11,OMS,,AP,
CS488229626,,,,,,,,,
CS488229626,USD,2023/10/4,287.57,10897057,2023/10/11,OMS,,AP,
CS488251520,,,,,,,,,
CS488251520,USD,2023/10/4,287.57,10897057,2023/10/11,OMS,,AP,
CS488256477,,,,,,,,,
CS488256477,USD,2023/10/4,287.57,10897057,2023/10/11,OMS,,AP,
CS488266379,,,,,,,,,
CS488266379,USD,2023/10/4,287.57,10897057,2023/10/11,OMS,,AP,
CS488294440,,,,,,,,,
CS488294440,USD,2023/10/4,287.57,10897057,2023/10/11,OMS,,AP,
CS488309332,,,,,,,,,
CS488309332,USD,2023/10/4,287.57,10897057,2023/10/11,OMS,,AP,
CS488315631,,,,,,,,,
CS488315631,USD,2023/10/4,287.57,10897057,2023/10/11,OMS,,AP,
CS488366066,,,,,,,,,
CS488366066,USD,2023/10/4,287.57,10897057,2023/10/11,OMS,,AP,
CS488361747,,,,,,,,,
CS488361747,USD,2023/10/4,287.57,10897057,2023/10/11,OMS,,AP,
CS488375320,,,,,,,,,
CS488375320,USD,2023/10/4,287.57,10897057,2023/10/11,OMS,,AP,
CS488407145,,,,,,,,,
CS488407145,USD,2023/10/4,287.57,10897057,2023/10/11,OMS,,AP,
CA487398039,,,,,,,,,
CA487398039,USD,2023/10/4,50.23,10897057,2023/10/11,OMS,,AP,
CA487398041,,,,,,,,,
CA487398041,USD,2023/10/4,120.12,10897057,2023/10/11,OMS,,AP,
CA487398042,,,,,,,,,
CA487398042,USD,2023/10/4,120.12,10897057,2023/10/11,OMS,,AP,
CA488282890,,,,,,,,,
CA488282890,USD,2023/10/4,118.92,10897057,2023/10/11,OMS,,AP,
CA488282889,,,,,,,,,
CA488282889,USD,2023/10/4,118.92,10897057,2023/10/11,OMS,,AP,
CA488282893,,,,,,,,,
CA488282893,USD,2023/10/4,49.73,10897057,2023/10/11,OMS,,AP,
CA488355659,,,,,,,,,
CA488355659,USD,2023/10/4,49.73,10897057,2023/10/11,OMS,,AP,
CA488355660,,,,,,,,,
CA488355660,USD,2023/10/4,118.92,10897057,2023/10/11,OMS,,AP,
CA488355661,,,,,,,,,
CA488355661,USD,2023/10/4,118.92,10897057,2023/10/11,OMS,,AP,
CA488372484,,,,,,,,,
CA488372484,USD,2023/10/4,118.92,10897057,2023/10/11,OMS,,AP,
CA488372486,,,,,,,,,
CA488372486,USD,2023/10/4,49.73,10897057,2023/10/11,OMS,,AP,
CA488372479,,,,,,,,,
CA488372479,USD,2023/10/4,118.92,10897057,2023/10/11,OMS,,AP,
CA488394810,,,,,,,,,
CA488394810,USD,2023/10/4,118.92,10897057,2023/10/11,OMS,,AP,
CA488394812,,,,,,,,,
CA488394812,USD,2023/10/4,49.73,10897057,2023/10/11,OMS,,AP,
CA488394809,,,,,,,,,
CA488394809,USD,2023/10/4,118.92,10897057,2023/10/11,OMS,,AP,
CS488027176,,,,,,,,,
CS488027176,USD,2023/10/3,287.57,10897057,2023/10/11,OMS,,AP,
CS488027381,,,,,,,,,
CS488027381,USD,2023/10/3,287.57,10897057,2023/10/11,OMS,,AP,
CS488029175,,,,,,,,,
CS488029175,USD,2023/10/3,287.57,10897057,2023/10/11,OMS,,AP,
CS488031848,,,,,,,,,
CS488031848,USD,2023/10/3,287.57,10897057,2023/10/11,OMS,,AP,
CS488034811,,,,,,,,,
CS488034811,USD,2023/10/3,287.57,10897057,2023/10/11,OMS,,AP,
CS488058378,,,,,,,,,
CS488058378,USD,2023/10/3,287.57,10897057,2023/10/11,OMS,,AP,
CS488081475,,,,,,,,,
CS488081475,USD,2023/10/3,287.57,10897057,2023/10/11,OMS,,AP,
CS488081637,,,,,,,,,
CS488081637,USD,2023/10/3,287.57,10897057,2023/10/11,OMS,,AP,
CS488098487,,,,,,,,,
CS488098487,USD,2023/10/3,287.57,10897057,2023/10/11,OMS,,AP,
CS488151139,,,,,,,,,
CS488151139,USD,2023/10/3,287.57,10897057,2023/10/11,OMS,,AP,
CS488187433,,,,,,,,,
CS488187433,USD,2023/10/3,287.57,10897057,2023/10/11,OMS,,AP,
CS488210689,,,,,,,,,
CS488210689,USD,2023/10/3,287.57,10897057,2023/10/11,OMS,,AP,
CS488222831,,,,,,,,,
CS488222831,USD,2023/10/3,287.57,10897057,2023/10/11,OMS,,AP,
CS488231947,,,,,,,,,
CS488231947,USD,2023/10/3,287.57,10897057,2023/10/11,OMS,,AP,
CS488230584,,,,,,,,,
CS488230584,USD,2023/10/3,287.57,10897057,2023/10/11,OMS,,AP,
CS488271184,,,,,,,,,
CS488271184,USD,2023/10/3,287.57,10897057,2023/10/11,OMS,,AP,
CS488316486,,,,,,,,,
CS488316486,USD,2023/10/3,287.57,10897057,2023/10/11,OMS,,AP,
CS488320511,,,,,,,,,
CS488320511,USD,2023/10/3,287.57,10897057,2023/10/11,OMS,,AP,
CS488339852,,,,,,,,,
CS488339852,USD,2023/10/3,287.57,10897057,2023/10/11,OMS,,AP,
CS488346642,,,,,,,,,
CS488346642,USD,2023/10/3,287.57,10897057,2023/10/11,OMS,,AP,
CS488357697,,,,,,,,,
CS488357697,USD,2023/10/3,287.57,10897057,2023/10/11,OMS,,AP,
CS488393234,,,,,,,,,
CS488393234,USD,2023/10/3,287.57,10897057,2023/10/11,OMS,,AP,
CS488396000,,,,,,,,,
CS488396000,USD,2023/10/3,287.57,10897057,2023/10/11,OMS,,AP,
CS488412245,,,,,,,,,
CS488412245,USD,2023/10/3,287.57,10897057,2023/10/11,OMS,,AP,
CS488446224,,,,,,,,,
CS488446224,USD,2023/10/3,287.57,10897057,2023/10/11,OMS,,AP,
CS488463517,,,,,,,,,
CS488463517,USD,2023/10/3,287.57,10897057,2023/10/11,OMS,,AP,
CS488468361,,,,,,,,,
CS488468361,USD,2023/10/3,287.57,10897057,2023/10/11,OMS,,AP,
CS488473085,,,,,,,,,
CS488473085,USD,2023/10/3,287.57,10897057,2023/10/11,OMS,,AP,
CS488478973,,,,,,,,,
CS488478973,USD,2023/10/3,287.57,10897057,2023/10/11,OMS,,AP,
CS488447813,,,,,,,,,
CS488447813,USD,2023/10/4,287.57,10897057,2023/10/11,OMS,,AP,
CS488454798,,,,,,,,,
CS488454798,USD,2023/10/4,287.57,10897057,2023/10/11,OMS,,AP,
CS488464558,,,,,,,,,
CS488464558,USD,2023/10/4,287.57,10897057,2023/10/11,OMS,,AP,
CS488119992,,,,,,,,,
CS488119992,USD,2023/10/4,206.92,10897057,2023/10/11,OMS,,AP,
CS488416705,,,,,,,,,
CS488416705,USD,2023/10/4,188.1,10897057,2023/10/11,OMS,,AP,
CS488477876,,,,,,,,,
CS488477876,USD,2023/10/4,188.1,10897057,2023/10/11,OMS,,AP,
CS488202363,,,,,,,,,
CS488202363,USD,2023/10/4,206.11,10897057,2023/10/11,OMS,,AP,
CS488306728,,,,,,,,,
CS488306728,USD,2023/10/4,187.37,10897057,2023/10/11,OMS,,AP,
CS488328372,,,,,,,,,
CS488328372,USD,2023/10/4,187.37,10897057,2023/10/11,OMS,,AP,
CS488240390,,,,,,,,,
CS488240390,USD,2023/10/4,206.1,10897057,2023/10/11,OMS,,AP,
CS488346719,,,,,,,,,
CS488346719,USD,2023/10/4,188.1,10897057,2023/10/11,OMS,,AP,
CS488405060,,,,,,,,,
CS488405060,USD,2023/10/4,188.1,10897057,2023/10/11,OMS,,AP,
CS488412841,,,,,,,,,
CS488412841,USD,2023/10/4,188.1,10897057,2023/10/11,OMS,,AP,
CS488027754,,,,,,,,,
CS488027754,USD,2023/10/4,206.11,10897057,2023/10/11,OMS,,AP,
CS488095436,,,,,,,,,
CS488095436,USD,2023/10/4,206.11,10897057,2023/10/11,OMS,,AP,
CS488095436,USD,2024/1/7,-103.06,12469763,2024/1/8,OMS,,AP,
CS488216454,,,,,,,,,
CS488216454,USD,2023/10/4,206.11,10897057,2023/10/11,OMS,,AP,
CS488221283,,,,,,,,,
CS488221283,USD,2023/10/4,206.11,10897057,2023/10/11,OMS,,AP,
CS488238728,,,,,,,,,
CS488238728,USD,2023/10/4,206.11,10897057,2023/10/11,OMS,,AP,
CS488303061,,,,,,,,,
CS488303061,USD,2023/10/4,187.37,10897057,2023/10/11,OMS,,AP,
CS488419371,,,,,,,,,
CS488419371,USD,2023/10/4,187.37,10897057,2023/10/11,OMS,,AP,
CS488034207,,,,,,,,,
CS488034207,USD,2023/10/4,206.92,10897057,2023/10/11,OMS,,AP,
CS488178571,,,,,,,,,
CS488178571,USD,2023/10/3,215.54,10897057,2023/10/11,OMS,,AP,
CS488403471,,,,,,,,,
CS488403471,USD,2023/10/5,239.01,10897057,2023/10/11,OMS,,AP,
CS483594551,,,,,,,,,
CS483594551,USD,2023/10/3,92.82,10897057,2023/10/11,OMS,,AP,
CS488176915,,,,,,,,,
CS488176915,USD,2023/10/3,253.89,10897057,2023/10/11,OMS,,AP,
CS488326089,,,,,,,,,
CS488326089,USD,2023/10/3,253.89,10897057,2023/10/11,OMS,,AP,
CS488376442,,,,,,,,,
CS488376442,USD,2023/10/4,253.89,10897057,2023/10/11,OMS,,AP,
CS488032062,,,,,,,,,
CS488032062,USD,2023/10/3,208.39,10897057,2023/10/11,OMS,,AP,
CS487982725,,,,,,,,,
CS487982725,USD,2023/10/4,208.39,10897057,2023/10/11,OMS,,AP,
CS488403314,,,,,,,,,
CS488403314,USD,2023/10/4,208.39,10897057,2023/10/11,OMS,,AP,
CA488048239,,,,,,,,,
CA488048239,USD,2023/10/4,71.89,10897057,2023/10/11,OMS,,AP,
CA488048238,,,,,,,,,
CA488048238,USD,2023/10/4,108.93,10897057,2023/10/11,OMS,,AP,
CA488048237,,,,,,,,,
CA488048237,USD,2023/10/4,108.93,10897057,2023/10/11,OMS,,AP,
CS488022292,,,,,,,,,
CS488022292,USD,2023/10/4,289.78,10897057,2023/10/11,OMS,,AP,
CS488195612,,,,,,,,,
CS488195612,USD,2023/10/4,289.78,10897057,2023/10/11,OMS,,AP,
CS488231191,,,,,,,,,
CS488231191,USD,2023/10/4,289.78,10897057,2023/10/11,OMS,,AP,
CS488247293,,,,,,,,,
CS488247293,USD,2023/10/4,289.78,10897057,2023/10/11,OMS,,AP,
CS488247955,,,,,,,,,
CS488247955,USD,2023/10/4,289.78,10897057,2023/10/11,OMS,,AP,
CS488301977,,,,,,,,,
CS488301977,USD,2023/10/4,289.78,10897057,2023/10/11,OMS,,AP,
CS488361738,,,,,,,,,
CS488361738,USD,2023/10/4,289.78,10897057,2023/10/11,OMS,,AP,
CS488426707,,,,,,,,,
CS488426707,USD,2023/10/4,289.78,10897057,2023/10/11,OMS,,AP,
CS488429281,,,,,,,,,
CS488429281,USD,2023/10/4,289.78,10897057,2023/10/11,OMS,,AP,
CS488469106,,,,,,,,,
CS488469106,USD,2023/10/4,289.78,10897057,2023/10/11,OMS,,AP,
CS488381224,,,,,,,,,
CS488381224,USD,2023/10/3,289.78,10897057,2023/10/11,OMS,,AP,
CS488044503,,,,,,,,,
CS488044503,USD,2023/10/4,187.55,10897057,2023/10/11,OMS,,AP,
CS488306874,,,,,,,,,
CS488306874,USD,2023/10/4,187.55,10897057,2023/10/11,OMS,,AP,
CS488330374,,,,,,,,,
CS488330374,USD,2023/10/4,187.55,10897057,2023/10/11,OMS,,AP,
CS488027173,,,,,,,,,
CS488027173,USD,2023/10/3,187.55,10897057,2023/10/11,OMS,,AP,
CS488068100,,,,,,,,,
CS488068100,USD,2023/10/3,187.55,10897057,2023/10/11,OMS,,AP,
CS488083394,,,,,,,,,
CS488083394,USD,2023/10/3,187.55,10897057,2023/10/11,OMS,,AP,
CS488143060,,,,,,,,,
CS488143060,USD,2023/10/3,187.55,10897057,2023/10/11,OMS,,AP,
CS488379538,,,,,,,,,
CS488379538,USD,2023/10/3,187.55,10897057,2023/10/11,OMS,,AP,
CS488314285,,,,,,,,,
CS488314285,USD,2023/10/3,94.19,10897057,2023/10/11,OMS,,AP,
CA488176710,,,,,,,,,
CA488176710,USD,2023/10/3,453.22,10897057,2023/10/11,OMS,,AP,
CA488255999,,,,,,,,,
CA488255999,USD,2023/10/3,453.22,10897057,2023/10/11,OMS,,AP,
CA488255999,USD,2023/12/10,-51.32,12091233,2023/12/11,OMS,,AP,
65429-R,USD,2023/11/14,93.06,200016976510002000,2024/3/12,OMS,,AP,No
CA488331141,,,,,,,,,
CA488331141,USD,2023/10/3,453.22,10897057,2023/10/11,OMS,,AP,
CA488465441,,,,,,,,,
CA488465441,USD,2023/10/3,453.22,10897057,2023/10/11,OMS,,AP,
CS488148553,,,,,,,,,
CS488148553,USD,2023/10/3,453.22,10897057,2023/10/11,OMS,,AP,
CS488165554,,,,,,,,,
CS488165554,USD,2023/10/3,453.22,10897057,2023/10/11,OMS,,AP,
CS488185144,,,,,,,,,
CS488185144,USD,2023/10/3,453.22,10897057,2023/10/11,OMS,,AP,
CS488201060,,,,,,,,,
CS488201060,USD,2023/10/3,453.22,10897057,2023/10/11,OMS,,AP,
CS488216828,,,,,,,,,
CS488216828,USD,2023/10/3,453.22,10897057,2023/10/11,OMS,,AP,
CS488222839,,,,,,,,,
CS488222839,USD,2023/10/3,453.22,10897057,2023/10/11,OMS,,AP,
CS488224330,,,,,,,,,
CS488224330,USD,2023/10/3,453.22,10897057,2023/10/11,OMS,,AP,
CS488233713,,,,,,,,,
CS488233713,USD,2023/10/3,453.22,10897057,2023/10/11,OMS,,AP,
CS488289467,,,,,,,,,
CS488289467,USD,2023/10/3,453.22,10897057,2023/10/11,OMS,,AP,
CS488291007,,,,,,,,,
CS488291007,USD,2023/10/3,453.22,10897057,2023/10/11,OMS,,AP,
CS488321586,,,,,,,,,
CS488321586,USD,2023/10/3,453.22,10897057,2023/10/11,OMS,,AP,
CS488336425,,,,,,,,,
CS488336425,USD,2023/10/3,453.22,10897057,2023/10/11,OMS,,AP,
CS488340862,,,,,,,,,
CS488340862,USD,2023/10/3,453.22,10897057,2023/10/11,OMS,,AP,
CS488359328,,,,,,,,,
CS488359328,USD,2023/10/3,453.22,10897057,2023/10/11,OMS,,AP,
CS488367901,,,,,,,,,
CS488367901,USD,2023/10/3,453.22,10897057,2023/10/11,OMS,,AP,
CS488369958,,,,,,,,,
CS488369958,USD,2023/10/3,453.22,10897057,2023/10/11,OMS,,AP,
CS488370285,,,,,,,,,
CS488370285,USD,2023/10/3,453.22,10897057,2023/10/11,OMS,,AP,
CS488374478,,,,,,,,,
CS488374478,USD,2023/10/3,453.22,10897057,2023/10/11,OMS,,AP,
CS488375271,,,,,,,,,
CS488375271,USD,2023/10/3,453.22,10897057,2023/10/11,OMS,,AP,
CS488387244,,,,,,,,,
CS488387244,USD,2023/10/3,453.22,10897057,2023/10/11,OMS,,AP,
CS488409403,,,,,,,,,
CS488409403,USD,2023/10/3,453.22,10897057,2023/10/11,OMS,,AP,
CS488409800,,,,,,,,,
CS488409800,USD,2023/10/3,453.22,10897057,2023/10/11,OMS,,AP,
CS488422503,,,,,,,,,
CS488422503,USD,2023/10/3,453.22,10897057,2023/10/11,OMS,,AP,
CS488427049,,,,,,,,,
CS488427049,USD,2023/10/3,453.22,10897057,2023/10/11,OMS,,AP,
CS488432620,,,,,,,,,
CS488432620,USD,2023/10/3,453.22,10897057,2023/10/11,OMS,,AP,
CS488456955,,,,,,,,,
CS488456955,USD,2023/10/3,453.22,10897057,2023/10/11,OMS,,AP,
CS488459576,,,,,,,,,
CS488459576,USD,2023/10/3,453.22,10897057,2023/10/11,OMS,,AP,
CS488462441,,,,,,,,,
CS488462441,USD,2023/10/3,453.22,10897057,2023/10/11,OMS,,AP,
CA488011931,,,,,,,,,
CA488011931,USD,2023/10/4,453.22,10897057,2023/10/11,OMS,,AP,
CA488313429,,,,,,,,,
CA488313429,USD,2023/10/4,453.22,10897057,2023/10/11,OMS,,AP,
CA488338766,,,,,,,,,
CA488338766,USD,2023/10/4,453.22,10897057,2023/10/11,OMS,,AP,
CA488338766,USD,2023/11/2,-2.22,11496004,2023/11/2,OMS,,AP,
CA488338766,USD,2023/11/9,-44.31,11628961,2023/11/10,OMS,,AP,
CA488478898,,,,,,,,,
CA488478898,USD,2023/10/4,453.22,10897057,2023/10/11,OMS,,AP,
CS488029986,,,,,,,,,
CS488029986,USD,2023/10/4,453.22,10897057,2023/10/11,OMS,,AP,
CS488075499,,,,,,,,,
CS488075499,USD,2023/10/4,453.22,10897057,2023/10/11,OMS,,AP,
CS488120021,,,,,,,,,
CS488120021,USD,2023/10/4,453.22,10897057,2023/10/11,OMS,,AP,
CS488128206,,,,,,,,,
CS488128206,USD,2023/10/4,453.22,10897057,2023/10/11,OMS,,AP,
CS488167789,,,,,,,,,
CS488167789,USD,2023/10/4,453.22,10897057,2023/10/11,OMS,,AP,
CS488174054,,,,,,,,,
CS488174054,USD,2023/10/4,453.22,10897057,2023/10/11,OMS,,AP,
CS488188610,,,,,,,,,
CS488188610,USD,2023/10/4,453.22,10897057,2023/10/11,OMS,,AP,
CS488222609,,,,,,,,,
CS488222609,USD,2023/10/4,453.22,10897057,2023/10/11,OMS,,AP,
CS488241531,,,,,,,,,
CS488241531,USD,2023/10/4,453.22,10897057,2023/10/11,OMS,,AP,
CS488261981,,,,,,,,,
CS488261981,USD,2023/10/4,453.22,10897057,2023/10/11,OMS,,AP,
CS488278037,,,,,,,,,
CS488278037,USD,2023/10/4,453.22,10897057,2023/10/11,OMS,,AP,
CS488302395,,,,,,,,,
CS488302395,USD,2023/10/4,453.22,10897057,2023/10/11,OMS,,AP,
CS488341606,,,,,,,,,
CS488341606,USD,2023/10/4,453.22,10897057,2023/10/11,OMS,,AP,
CS488409883,,,,,,,,,
CS488409883,USD,2023/10/4,453.22,10897057,2023/10/11,OMS,,AP,
CS488412270,,,,,,,,,
CS488412270,USD,2023/10/4,453.22,10897057,2023/10/11,OMS,,AP,
CS488434118,,,,,,,,,
CS488434118,USD,2023/10/4,453.22,10897057,2023/10/11,OMS,,AP,
CS488453236,,,,,,,,,
CS488453236,USD,2023/10/4,453.22,10897057,2023/10/11,OMS,,AP,
CS488471324,,,,,,,,,
CS488471324,USD,2023/10/4,453.22,10897057,2023/10/11,OMS,,AP,
CS488093696,,,,,,,,,
CS488093696,USD,2023/10/4,615.13,10897057,2023/10/11,OMS,,AP,
CS488257537,,,,,,,,,
CS488257537,USD,2023/10/4,615.13,10897057,2023/10/11,OMS,,AP,
CS488297860,,,,,,,,,
CS488297860,USD,2023/10/4,615.13,10897057,2023/10/11,OMS,,AP,
CS488413571,,,,,,,,,
CS488413571,USD,2023/10/4,615.13,10897057,2023/10/11,OMS,,AP,
CS488427748,,,,,,,,,
CS488427748,USD,2023/10/4,615.13,10897057,2023/10/11,OMS,,AP,
CA488159293,,,,,,,,,
CA488159293,USD,2023/10/4,246.36,10897057,2023/10/11,OMS,,AP,
CA488159295,,,,,,,,,
CA488159295,USD,2023/10/4,99.31,10897057,2023/10/11,OMS,,AP,
CA488159294,,,,,,,,,
CA488159294,USD,2023/10/4,96.24,10897057,2023/10/11,OMS,,AP,
CA488159297,,,,,,,,,
CA488159297,USD,2023/10/4,76.98,10897057,2023/10/11,OMS,,AP,
CA488159299,,,,,,,,,
CA488159299,USD,2023/10/4,96.24,10897057,2023/10/11,OMS,,AP,
CS488318286,,,,,,,,,
CS488318286,USD,2023/10/4,36.03,10897057,2023/10/11,OMS,,AP,
CS488383618,,,,,,,,,
CS488383618,USD,2023/10/4,36.03,10897057,2023/10/11,OMS,,AP,
CS488321526,,,,,,,,,
CS488321526,USD,2023/10/4,61.26,10897057,2023/10/11,OMS,,AP,
CA488086271,,,,,,,,,
CA488086271,USD,2023/10/4,55.69,10897057,2023/10/11,OMS,,AP,
CS488002939,,,,,,,,,
CS488002939,USD,2023/10/4,55.69,10897057,2023/10/11,OMS,,AP,
CS488026617,,,,,,,,,
CS488026617,USD,2023/10/4,55.69,10897057,2023/10/11,OMS,,AP,
CS488034661,,,,,,,,,
CS488034661,USD,2023/10/4,55.69,10897057,2023/10/11,OMS,,AP,
CS488064493,,,,,,,,,
CS488064493,USD,2023/10/4,55.69,10897057,2023/10/11,OMS,,AP,
CS488110549,,,,,,,,,
488110549-CR,USD,2023/10/24,-55.69,11323463,2023/10/31,OMS,,AP,
CS488110549,USD,2023/10/4,55.69,10897057,2023/10/11,OMS,,AP,
CS488159513,,,,,,,,,
CS488159513,USD,2023/10/4,111.39,10897057,2023/10/11,OMS,,AP,
CS488324058,,,,,,,,,
CS488324058,USD,2023/10/4,55.69,10897057,2023/10/11,OMS,,AP,
CS488325294,,,,,,,,,
CS488325294,USD,2023/10/4,55.69,10897057,2023/10/11,OMS,,AP,
CS488339799,,,,,,,,,
CS488339799,USD,2023/10/4,55.69,10897057,2023/10/11,OMS,,AP,
CS488417434,,,,,,,,,
CS488417434,USD,2023/10/4,55.69,10897057,2023/10/11,OMS,,AP,
CS488450659,,,,,,,,,
CS488450659,USD,2023/10/4,55.69,10897057,2023/10/11,OMS,,AP,
CS488474269,,,,,,,,,
CS488474269,USD,2023/10/4,55.69,10897057,2023/10/11,OMS,,AP,
CA488220001,,,,,,,,,
CA488220001,USD,2023/10/5,55.69,10897057,2023/10/11,OMS,,AP,
CS488027995,,,,,,,,,
CS488027995,USD,2023/10/5,111.39,10897057,2023/10/11,OMS,,AP,
CS488077099,,,,,,,,,
CS488077099,USD,2023/10/5,111.39,10897057,2023/10/11,OMS,,AP,
CS488120435,,,,,,,,,
CS488120435,USD,2023/10/5,55.69,10897057,2023/10/11,OMS,,AP,
CS488161099,,,,,,,,,
CS488161099,USD,2023/10/5,55.69,10897057,2023/10/11,OMS,,AP,
CS488213145,,,,,,,,,
CS488213145,USD,2023/10/5,111.39,10897057,2023/10/11,OMS,,AP,
CS488237525,,,,,,,,,
CS488237525,USD,2023/10/5,55.69,10897057,2023/10/11,OMS,,AP,
CS488249130,,,,,,,,,
CS488249130,USD,2023/10/5,55.69,10897057,2023/10/11,OMS,,AP,
CS488284979,,,,,,,,,
CS488284979,USD,2023/10/5,55.69,10897057,2023/10/11,OMS,,AP,
CS488315280,,,,,,,,,
CS488315280,USD,2023/10/5,55.69,10897057,2023/10/11,OMS,,AP,
CS488338776,,,,,,,,,
CS488338776,USD,2023/10/5,111.39,10897057,2023/10/11,OMS,,AP,
CS488354974,,,,,,,,,
CS488354974,USD,2023/10/5,55.69,10897057,2023/10/11,OMS,,AP,
CS488370607,,,,,,,,,
CS488370607,USD,2023/10/5,55.69,10897057,2023/10/11,OMS,,AP,
CS488393706,,,,,,,,,
CS488393706,USD,2023/10/5,55.69,10897057,2023/10/11,OMS,,AP,
CS488443942,,,,,,,,,
CS488443942,USD,2023/10/5,111.39,10897057,2023/10/11,OMS,,AP,
CS488472481,,,,,,,,,
CS488472481,USD,2023/10/5,55.69,10897057,2023/10/11,OMS,,AP,
CA488046368,,,,,,,,,
488046368-CR,USD,2023/10/24,-44.55,11323463,2023/10/31,OMS,,AP,
CA488046368,USD,2023/10/4,55.69,10897057,2023/10/11,OMS,,AP,
CS488014516,,,,,,,,,
CS488014516,USD,2023/10/4,55.69,10897057,2023/10/11,OMS,,AP,
CS488016144,,,,,,,,,
488016144-CR,USD,2023/11/9,-55.69,11628598,2023/11/16,OMS,,AP,
CS488016144,USD,2023/10/4,55.69,10897057,2023/10/11,OMS,,AP,
CS488035270,,,,,,,,,
CS488035270,USD,2023/10/4,111.39,10897057,2023/10/11,OMS,,AP,
CS488060978,,,,,,,,,
CS488060978,USD,2023/10/4,55.69,10897057,2023/10/11,OMS,,AP,
CS488063916,,,,,,,,,
CS488063916,USD,2023/10/4,55.69,10897057,2023/10/11,OMS,,AP,
CS488089846,,,,,,,,,
CS488089846,USD,2023/10/4,55.69,10897057,2023/10/11,OMS,,AP,
CS488117641,,,,,,,,,
CS488117641,USD,2023/10/4,111.39,10897057,2023/10/11,OMS,,AP,
CS488135616,,,,,,,,,
CS488135616,USD,2023/10/4,55.69,10897057,2023/10/11,OMS,,AP,
CS488159609,,,,,,,,,
CS488159609,USD,2023/10/4,111.39,10897057,2023/10/11,OMS,,AP,
CS488196872,,,,,,,,,
CS488196872,USD,2023/10/4,55.69,10897057,2023/10/11,OMS,,AP,
CS488227207,,,,,,,,,
CS488227207,USD,2023/10/4,55.69,10897057,2023/10/11,OMS,,AP,
CS488242192,,,,,,,,,
CS488242192,USD,2023/10/4,55.69,10897057,2023/10/11,OMS,,AP,
CS488278126,,,,,,,,,
488278126-CR,USD,2023/10/31,-55.69,11476678,2023/11/10,OMS,,AP,
CS488278126,USD,2023/10/4,55.69,10897057,2023/10/11,OMS,,AP,
CS488288842,,,,,,,,,
CS488288842,USD,2023/10/4,55.69,10897057,2023/10/11,OMS,,AP,
CS488297119,,,,,,,,,
CS488297119,USD,2023/10/4,111.39,10897057,2023/10/11,OMS,,AP,
CS488320744,,,,,,,,,
CS488320744,USD,2023/10/4,55.69,10897057,2023/10/11,OMS,,AP,
CS488322671,,,,,,,,,
CS488322671,USD,2023/10/4,55.69,10897057,2023/10/11,OMS,,AP,
CS488391165,,,,,,,,,
CS488391165,USD,2023/10/4,55.69,10897057,2023/10/11,OMS,,AP,
CS488395331,,,,,,,,,
CS488395331,USD,2023/10/4,55.69,10897057,2023/10/11,OMS,,AP,
CS488404857,,,,,,,,,
CS488404857,USD,2023/10/4,55.69,10897057,2023/10/11,OMS,,AP,
CS488416575,,,,,,,,,
CS488416575,USD,2023/10/4,55.69,10897057,2023/10/11,OMS,,AP,
CS488423665,,,,,,,,,
CS488423665,USD,2023/10/4,55.69,10897057,2023/10/11,OMS,,AP,
CS488426436,,,,,,,,,
CS488426436,USD,2023/10/4,55.69,10897057,2023/10/11,OMS,,AP,
CA488446514,,,,,,,,,
CA488446514,USD,2023/10/5,35.52,10897057,2023/10/11,OMS,,AP,
CS488295287,,,,,,,,,
CS488295287,USD,2023/10/5,142.07,10897057,2023/10/11,OMS,,AP,
CS488075314,,,,,,,,,
CS488075314,USD,2023/10/4,85.76,10897057,2023/10/11,OMS,,AP,
CS488144508,,,,,,,,,
CS488144508,USD,2023/10/4,85.76,10897057,2023/10/11,OMS,,AP,
CS488241999,,,,,,,,,
CS488241999,USD,2023/10/4,85.76,10897057,2023/10/11,OMS,,AP,
CS488423949,,,,,,,,,
CS488423949,USD,2023/10/4,85.76,10897057,2023/10/11,OMS,,AP,
CS488453215,,,,,,,,,
CS488453215,USD,2023/10/4,85.76,10897057,2023/10/11,OMS,,AP,
CA488422335,,,,,,,,,
CA488422335,USD,2023/10/4,68.93,10897057,2023/10/11,OMS,,AP,
CS488169842,,,,,,,,,
CS488169842,USD,2023/10/4,68.93,10897057,2023/10/11,OMS,,AP,
CS488324064,,,,,,,,,
CS488324064,USD,2023/10/4,68.93,10897057,2023/10/11,OMS,,AP,
CA488354241,,,,,,,,,
CA488354241,USD,2023/10/5,68.93,10897057,2023/10/11,OMS,,AP,
CA488354243,,,,,,,,,
CA488354243,USD,2023/10/5,68.93,10897057,2023/10/11,OMS,,AP,
CS488122482,,,,,,,,,
CS488122482,USD,2023/10/5,137.85,10897057,2023/10/11,OMS,,AP,
CS488250772,,,,,,,,,
CS488250772,USD,2023/10/3,161.29,10897057,2023/10/11,OMS,,AP,
CS488458313,,,,,,,,,
CS488458313,USD,2023/10/5,80.64,10897057,2023/10/11,OMS,,AP,
CS488482765,,,,,,,,,
CS488482765,USD,2023/10/3,80.64,10897057,2023/10/11,OMS,,AP,
CS488504329,,,,,,,,,
CS488504329,USD,2023/10/5,248.98,10897057,2023/10/11,OMS,,AP,
CS488504329,USD,2023/10/5,372.69,11186090,2023/10/18,OMS,,AP,
CS488552532,,,,,,,,,
CS488552532,USD,2023/10/7,586.99,10982635,2023/10/16,OMS,,AP,
CS488576214,,,,,,,,,
488576214,USD,2023/10/30,155.61,11546010,2023/11/6,OMS,,AP,
CS488576214,USD,2023/10/7,155.61,10982635,2023/10/16,OMS,,AP,
CS488576214,USD,2023/10/7,275.77,11186090,2023/10/18,OMS,,AP,
CS488640825,,,,,,,,,
488640825,USD,2023/10/30,155.61,11546010,2023/11/6,OMS,,AP,
CS488640825,USD,2023/10/7,155.61,10982635,2023/10/16,OMS,,AP,
CS488640825,USD,2023/10/7,275.77,11186090,2023/10/18,OMS,,AP,
CS488558347,,,,,,,,,
CS488558347,USD,2023/10/7,138.32,10982635,2023/10/16,OMS,,AP,
CS488558347,USD,2023/10/7,440.89,11186090,2023/10/18,OMS,,AP,
CS488503395,,,,,,,,,
CS488503395,USD,2023/10/7,101.97,10982635,2023/10/16,OMS,,AP,
CS488586158,,,,,,,,,
CS488586158,USD,2023/10/7,199.29,10982635,2023/10/16,OMS,,AP,
CS488558452,,,,,,,,,
CS488558452,USD,2023/10/9,547.03,10982635,2023/10/16,OMS,,AP,
CS488640701,,,,,,,,,
CS488640701,USD,2023/10/9,547.03,10982635,2023/10/16,OMS,,AP,
CS488622841,,,,,,,,,
CS488622841,USD,2023/10/4,575.86,10897057,2023/10/11,OMS,,AP,
CS488546206,,,,,,,,,
CS488546206,USD,2023/10/9,575.86,10982635,2023/10/16,OMS,,AP,
CS488624254,,,,,,,,,
CS488624254,USD,2023/10/4,575.86,10897057,2023/10/11,OMS,,AP,
CS488628270,,,,,,,,,
CS488628270,USD,2023/10/4,575.86,10897057,2023/10/11,OMS,,AP,
CS488518852,,,,,,,,,
CS488518852,USD,2023/10/9,575.86,10982635,2023/10/16,OMS,,AP,
CS488643871,,,,,,,,,
CS488643871,USD,2023/10/4,575.86,10897057,2023/10/11,OMS,,AP,
CS488665640,,,,,,,,,
CS488665640,USD,2023/10/5,575.86,10897057,2023/10/11,OMS,,AP,
CS488561119,,,,,,,,,
CS488561119,USD,2023/10/5,575.86,10897057,2023/10/11,OMS,,AP,
CS488570512,,,,,,,,,
CS488570512,USD,2023/10/5,575.86,10897057,2023/10/11,OMS,,AP,
CS488544955,,,,,,,,,
CS488544955,USD,2023/10/10,96.24,10982635,2023/10/16,OMS,,AP,
CS488544955,USD,2023/10/10,567.98,11186090,2023/10/18,OMS,,AP,
CA488600435,,,,,,,,,
CA488600435,USD,2023/10/6,123.8,10897057,2023/10/11,OMS,,AP,
CA488600434,,,,,,,,,
CA488600434,USD,2023/10/6,124.49,10897057,2023/10/11,OMS,,AP,
CS488547853,,,,,,,,,
CS488547853,USD,2023/10/4,239.25,10897057,2023/10/11,OMS,,AP,
CS488575600,,,,,,,,,
CS488575600,USD,2023/10/4,239.25,10897057,2023/10/11,OMS,,AP,
CS488504937,,,,,,,,,
CS488504937,USD,2023/10/3,611.06,10897057,2023/10/11,OMS,,AP,
CS488585076,,,,,,,,,
CS488585076,USD,2023/10/3,611.06,10897057,2023/10/11,OMS,,AP,
CS488594211,,,,,,,,,
CS488594211,USD,2023/10/3,611.06,10897057,2023/10/11,OMS,,AP,
CS488582461,,,,,,,,,
CS488582461,USD,2023/10/4,611.06,10897057,2023/10/11,OMS,,AP,
CS488616318,,,,,,,,,
CS488616318,USD,2023/10/4,611.06,10897057,2023/10/11,OMS,,AP,
CS488616318,USD,2023/10/23,-15.63,11156277,2023/10/23,OMS,,AP,
CS488638387,,,,,,,,,
CS488638387,USD,2023/10/4,611.06,10897057,2023/10/11,OMS,,AP,
CS488494029,,,,,,,,,
CS488494029,USD,2023/10/4,611.06,10897057,2023/10/11,OMS,,AP,
CS488644287,,,,,,,,,
CS488644287,USD,2023/10/4,611.06,10897057,2023/10/11,OMS,,AP,
CS488518145,,,,,,,,,
CS488518145,USD,2023/10/4,611.06,10897057,2023/10/11,OMS,,AP,
CS488628266,,,,,,,,,
CS488628266,USD,2023/10/4,611.06,10897057,2023/10/11,OMS,,AP,
CS488554557,,,,,,,,,
CS488554557,USD,2023/10/4,611.06,10897057,2023/10/11,OMS,,AP,
CA488658079,,,,,,,,,
CA488658079,USD,2023/10/4,611.06,10897057,2023/10/11,OMS,,AP,
CS488557083,,,,,,,,,
CS488557083,USD,2023/10/4,287.57,10897057,2023/10/11,OMS,,AP,
CA488571627,,,,,,,,,
CA488571627,USD,2023/10/4,118.92,10897057,2023/10/11,OMS,,AP,
CA488571630,,,,,,,,,
CA488571630,USD,2023/10/4,118.92,10897057,2023/10/11,OMS,,AP,
CA488571634,,,,,,,,,
CA488571634,USD,2023/10/4,49.73,10897057,2023/10/11,OMS,,AP,
CS488608844,,,,,,,,,
CS488608844,USD,2023/10/4,287.57,10897057,2023/10/11,OMS,,AP,
CS488563233,,,,,,,,,
CS488563233,USD,2023/10/4,287.57,10897057,2023/10/11,OMS,,AP,
CS488632602,,,,,,,,,
CS488632602,USD,2023/10/4,287.57,10897057,2023/10/11,OMS,,AP,
CS488617008,,,,,,,,,
CS488617008,USD,2023/10/4,287.57,10897057,2023/10/11,OMS,,AP,
CS488560688,,,,,,,,,
CS488560688,USD,2023/10/4,287.57,10897057,2023/10/11,OMS,,AP,
CS488648561,,,,,,,,,
CS488648561,USD,2023/10/4,287.57,10897057,2023/10/11,OMS,,AP,
CS488625655,,,,,,,,,
CS488625655,USD,2023/10/4,287.57,10897057,2023/10/11,OMS,,AP,
CS488583436,,,,,,,,,
CS488583436,USD,2023/10/4,287.57,10897057,2023/10/11,OMS,,AP,
CS488578011,,,,,,,,,
CS488578011,USD,2023/10/4,122.52,10897057,2023/10/11,OMS,,AP,
CS488522888,,,,,,,,,
CS488522888,USD,2023/10/4,287.57,10897057,2023/10/11,OMS,,AP,
CS488614181,,,,,,,,,
CS488614181,USD,2023/10/4,287.57,10897057,2023/10/11,OMS,,AP,
CS488553530,,,,,,,,,
CS488553530,USD,2023/10/4,287.57,10897057,2023/10/11,OMS,,AP,
CS488567855,,,,,,,,,
CS488567855,USD,2023/10/4,187.37,10897057,2023/10/11,OMS,,AP,
CS488581683,,,,,,,,,
CS488581683,USD,2023/10/4,187.37,10897057,2023/10/11,OMS,,AP,
CS488531285,,,,,,,,,
CS488531285,USD,2023/10/4,187.37,10897057,2023/10/11,OMS,,AP,
CS488647975,,,,,,,,,
CS488647975,USD,2023/10/4,187.37,10897057,2023/10/11,OMS,,AP,
CS488583324,,,,,,,,,
CS488583324,USD,2023/10/5,188.1,10897057,2023/10/11,OMS,,AP,
CS488566576,,,,,,,,,
CS488566576,USD,2023/10/4,188.1,10897057,2023/10/11,OMS,,AP,
CS488623620,,,,,,,,,
CS488623620,USD,2023/10/5,208.39,10897057,2023/10/11,OMS,,AP,
CS488515387,,,,,,,,,
CS488515387,USD,2023/10/5,289.78,10897057,2023/10/11,OMS,,AP,
CS488556872,,,,,,,,,
CS488556872,USD,2023/10/5,289.78,10897057,2023/10/11,OMS,,AP,
CS488591743,,,,,,,,,
CS488591743,USD,2023/10/5,289.78,10897057,2023/10/11,OMS,,AP,
CS488625882,,,,,,,,,
CS488625882,USD,2023/10/5,289.78,10897057,2023/10/11,OMS,,AP,
CA488584119,,,,,,,,,
488584119-CR,USD,2023/12/5,-57.51,12091233,2023/12/11,OMS,,AP,
CA488584119,USD,2023/10/5,71.89,10897057,2023/10/11,OMS,,AP,
CA488584123,,,,,,,,,
488584123-CR,USD,2023/11/29,-87.14,12015881,2023/12/6,OMS,,AP,
CA488584123,USD,2023/10/5,108.93,10897057,2023/10/11,OMS,,AP,
CA488584125,,,,,,,,,
488584125-CR,USD,2023/11/29,-87.14,12015881,2023/12/6,OMS,,AP,
CA488584125,USD,2023/10/5,108.93,10897057,2023/10/11,OMS,,AP,
CS488647078,,,,,,,,,
CS488647078,USD,2023/10/6,187.55,10897057,2023/10/11,OMS,,AP,
CS488515415,,,,,,,,,
CS488515415,USD,2023/10/6,187.55,10897057,2023/10/11,OMS,,AP,
CS488555040,,,,,,,,,
CS488555040,USD,2023/10/6,187.55,10897057,2023/10/11,OMS,,AP,
CS488615171,,,,,,,,,
CS488615171,USD,2023/10/4,174.91,10897057,2023/10/11,OMS,,AP,
CA488594807,,,,,,,,,
CA488594807,USD,2023/10/4,453.22,10897057,2023/10/11,OMS,,AP,
CS488493282,,,,,,,,,
CS488493282,USD,2023/10/4,453.22,10897057,2023/10/11,OMS,,AP,
CS488582517,,,,,,,,,
CS488582517,USD,2023/10/4,453.22,10897057,2023/10/11,OMS,,AP,
CS488542418,,,,,,,,,
CS488542418,USD,2023/10/4,453.22,10897057,2023/10/11,OMS,,AP,
CS488591456,,,,,,,,,
CS488591456,USD,2023/10/4,453.22,10897057,2023/10/11,OMS,,AP,
CS488645750,,,,,,,,,
CS488645750,USD,2023/10/4,453.22,10897057,2023/10/11,OMS,,AP,
CS488627292,,,,,,,,,
CS488627292,USD,2023/10/4,453.22,10897057,2023/10/11,OMS,,AP,
CS488658593,,,,,,,,,
CS488658593,USD,2023/10/5,453.22,10897057,2023/10/11,OMS,,AP,
CS488662781,,,,,,,,,
CS488662781,USD,2023/10/5,453.22,10897057,2023/10/11,OMS,,AP,
CS488563643,,,,,,,,,
CS488563643,USD,2023/10/5,453.22,10897057,2023/10/11,OMS,,AP,
CS488588041,,,,,,,,,
CS488588041,USD,2023/10/5,453.22,10897057,2023/10/11,OMS,,AP,
CA488530654,,,,,,,,,
CA488530654,USD,2023/10/5,453.22,10897057,2023/10/11,OMS,,AP,
CS488582749,,,,,,,,,
CS488582749,USD,2023/10/5,453.22,10897057,2023/10/11,OMS,,AP,
CS488568606,,,,,,,,,
CS488568606,USD,2023/10/5,453.22,10897057,2023/10/11,OMS,,AP,
CS488636886,,,,,,,,,
CS488636886,USD,2023/10/5,453.22,10897057,2023/10/11,OMS,,AP,
CA488613533,,,,,,,,,
CA488613535,,,,,,,,,
CA488613534,,,,,,,,,
CA488613536,,,,,,,,,
CA488613537,,,,,,,,,
CS488628969,,,,,,,,,
CS488628969,USD,2023/10/9,36.03,10982635,2023/10/16,OMS,,AP,
CS488586850,,,,,,,,,
CS488586850,USD,2023/10/9,36.03,10982635,2023/10/16,OMS,,AP,
CS488593134,,,,,,,,,
488593134-CR,USD,2023/11/15,-55.69,11706385,2023/11/20,OMS,,AP,
CS488593134,USD,2023/10/5,55.69,10897057,2023/10/11,OMS,,AP,
CA488631385,,,,,,,,,
CA488631385,USD,2023/10/5,55.69,10897057,2023/10/11,OMS,,AP,
CS488568540,,,,,,,,,
CS488568540,USD,2023/10/5,111.39,10897057,2023/10/11,OMS,,AP,
CA488568431,,,,,,,,,
CA488568431,USD,2023/10/5,55.69,10897057,2023/10/11,OMS,,AP,
CS488593157,,,,,,,,,
CS488593157,USD,2023/10/5,111.39,10897057,2023/10/11,OMS,,AP,
CS488570654,,,,,,,,,
CS488570654,USD,2023/10/5,55.69,10897057,2023/10/11,OMS,,AP,
CS488600818,,,,,,,,,
CS488600818,USD,2023/10/5,55.69,10897057,2023/10/11,OMS,,AP,
CA488657602,,,,,,,,,
CA488657602,USD,2023/10/5,111.39,10897057,2023/10/11,OMS,,AP,
CS488631108,,,,,,,,,
CS488631108,USD,2023/10/5,55.69,10897057,2023/10/11,OMS,,AP,
CS488571406,,,,,,,,,
CS488571406,USD,2023/10/5,55.69,10897057,2023/10/11,OMS,,AP,
CS488583977,,,,,,,,,
CS488583977,USD,2023/10/5,55.69,10897057,2023/10/11,OMS,,AP,
CS488590847,,,,,,,,,
CS488590847,USD,2023/10/5,55.69,10897057,2023/10/11,OMS,,AP,
CS488568332,,,,,,,,,
CS488568332,USD,2023/10/5,55.69,10897057,2023/10/11,OMS,,AP,
CS488562642,,,,,,,,,
CS488562642,USD,2023/10/5,111.39,10897057,2023/10/11,OMS,,AP,
CS488591331,,,,,,,,,
CS488591331,USD,2023/10/5,55.69,10897057,2023/10/11,OMS,,AP,
CS488558112,,,,,,,,,
CS488558112,USD,2023/10/5,55.69,10897057,2023/10/11,OMS,,AP,
CS488651609,,,,,,,,,
CS488651609,USD,2023/10/5,55.69,10897057,2023/10/11,OMS,,AP,
CS488640620,,,,,,,,,
CS488640620,USD,2023/10/5,55.69,10897057,2023/10/11,OMS,,AP,
CS488660748,,,,,,,,,
CS488660748,USD,2023/10/5,111.39,10897057,2023/10/11,OMS,,AP,
CS488583196,,,,,,,,,
CS488583196,USD,2023/10/5,71.04,10897057,2023/10/11,OMS,,AP,
CS488511710,,,,,,,,,
CS488511710,USD,2023/10/4,85.76,10897057,2023/10/11,OMS,,AP,
CS488492021,,,,,,,,,
CS488492021,USD,2023/10/4,85.76,10897057,2023/10/11,OMS,,AP,
CA488514189,,,,,,,,,
CA488514189,USD,2023/10/4,85.76,10897057,2023/10/11,OMS,,AP,
CS488543471,,,,,,,,,
CS488543471,USD,2023/10/5,80.64,10897057,2023/10/11,OMS,,AP,
CS488731026,,,,,,,,,
CS488731026,USD,2023/10/9,560.2,10982635,2023/10/16,OMS,,AP,
CS488731026,USD,2023/10/9,61.47,11186090,2023/10/18,OMS,,AP,
CS488682573,,,,,,,,,
CS488682573,USD,2023/10/10,586.99,10982635,2023/10/16,OMS,,AP,
CS488741417,,,,,,,,,
CS488741417,USD,2023/10/10,457.32,10982635,2023/10/16,OMS,,AP,
CS488741417,USD,2023/10/10,129.67,11186090,2023/10/18,OMS,,AP,
CS488762465,,,,,,,,,
CS488762465,USD,2023/10/7,146.1,10982635,2023/10/16,OMS,,AP,
CS488762465,USD,2023/10/7,440.89,11186090,2023/10/18,OMS,,AP,
CS488737386,,,,,,,,,
488737386,USD,2023/10/30,155.61,11546010,2023/11/6,OMS,,AP,
CS488737386,USD,2023/10/7,155.61,10982635,2023/10/16,OMS,,AP,
CS488737386,USD,2023/10/7,275.77,11186090,2023/10/18,OMS,,AP,
CS486428881,,,,,,,,,
CS486428881,USD,2023/10/5,586.99,10897057,2023/10/11,OMS,,AP,
CS486466546,,,,,,,,,
CS486466546,USD,2023/10/5,586.99,10897057,2023/10/11,OMS,,AP,
CS486822250,,,,,,,,,
CS486822250,USD,2023/10/5,617.89,10897057,2023/10/11,OMS,,AP,
CS486889772,,,,,,,,,
CS486889772,USD,2023/10/5,617.89,10897057,2023/10/11,OMS,,AP,
CS486767406,,,,,,,,,
CS486767406,USD,2023/10/5,617.89,10897057,2023/10/11,OMS,,AP,
CS486926237,,,,,,,,,
CS486926237,USD,2023/10/5,617.89,10897057,2023/10/11,OMS,,AP,
CS487351670,,,,,,,,,
CS487351670,USD,2023/10/5,617.89,10897057,2023/10/11,OMS,,AP,
CS487031701,,,,,,,,,
CS487031701,USD,2023/10/5,617.89,10897057,2023/10/11,OMS,,AP,
CS487073035,,,,,,,,,
CS487073035,USD,2023/10/5,617.89,10897057,2023/10/11,OMS,,AP,
CS487105148,,,,,,,,,
CS487105148,USD,2023/10/5,617.89,10897057,2023/10/11,OMS,,AP,
CS488147859,,,,,,,,,
CS488147859,USD,2023/10/5,586.99,10897057,2023/10/11,OMS,,AP,
CS487640002,,,,,,,,,
CS487640002,USD,2023/10/5,617.89,10897057,2023/10/11,OMS,,AP,
CS487425312,,,,,,,,,
CS487425312,USD,2023/10/5,617.89,10897057,2023/10/11,OMS,,AP,
CS487498809,,,,,,,,,
CS487498809,USD,2023/10/5,617.89,10897057,2023/10/11,OMS,,AP,
CS487833123,,,,,,,,,
CS487833123,USD,2023/10/5,617.89,10897057,2023/10/11,OMS,,AP,
CS487781611,,,,,,,,,
CS487781611,USD,2023/10/5,617.89,10897057,2023/10/11,OMS,,AP,
CS487924470,,,,,,,,,
CS487924470,USD,2023/10/5,617.89,10897057,2023/10/11,OMS,,AP,
CS488520958,,,,,,,,,
CS488520958,USD,2023/10/5,586.99,10897057,2023/10/11,OMS,,AP,
CS488365029,,,,,,,,,
CS488365029,USD,2023/10/5,586.99,10897057,2023/10/11,OMS,,AP,
CS488373097,,,,,,,,,
CS488373097,USD,2023/10/5,586.99,10897057,2023/10/11,OMS,,AP,
CS488765865,,,,,,,,,
CS488765865,USD,2023/10/5,431.38,10897057,2023/10/11,OMS,,AP,
CS488765865,USD,2023/10/13,155.61,11067718,2023/10/20,OMS,,AP,
CS488387291,,,,,,,,,
CS488387291,USD,2023/10/5,586.99,10897057,2023/10/11,OMS,,AP,
CS488709827,,,,,,,,,
CS488709827,USD,2023/10/5,586.99,10897057,2023/10/11,OMS,,AP,
CS488674341,,,,,,,,,
CS488674341,USD,2023/10/9,547.03,10982635,2023/10/16,OMS,,AP,
CS485119841,,,,,,,,,
CS485119841,USD,2023/10/9,581.67,10982635,2023/10/16,OMS,,AP,
CS488713025,,,,,,,,,
CS488713025,USD,2023/10/9,575.86,10982635,2023/10/16,OMS,,AP,
CS488737026,,,,,,,,,
CS488737026,USD,2023/10/9,575.86,10982635,2023/10/16,OMS,,AP,
CS488757026,,,,,,,,,
CS488757026,USD,2023/10/9,575.86,10982635,2023/10/16,OMS,,AP,
CS488757026,USD,2023/11/24,-50,11794287,2023/11/24,OMS,,AP,
CS488757026,USD,2023/11/28,50,11868520,2023/11/28,OMS,,AP,
CA487888218,,,,,,,,,
CA487888218,USD,2023/10/10,51.82,10982635,2023/10/16,OMS,,AP,
CA487888218,USD,2023/10/10,473.22,11186090,2023/10/18,OMS,,AP,
CS488713586,,,,,,,,,
CS488713586,USD,2023/10/10,359.78,10982635,2023/10/16,OMS,,AP,
CS488713586,USD,2023/10/10,165.26,11186090,2023/10/18,OMS,,AP,
CS488606026,,,,,,,,,
CS488606026,USD,2023/10/10,225.33,10982635,2023/10/16,OMS,,AP,
CS488606026,USD,2023/10/10,299.71,11186090,2023/10/18,OMS,,AP,
CS488816328,,,,,,,,,
CS488816328,USD,2023/10/10,345.8,10982635,2023/10/16,OMS,,AP,
CS488816328,USD,2023/10/10,309.4,11186090,2023/10/18,OMS,,AP,
CS488680571,,,,,,,,,
CS488680571,USD,2023/10/10,136.5,10982635,2023/10/16,OMS,,AP,
CS488680571,USD,2023/10/10,518.7,11186090,2023/10/18,OMS,,AP,
CS488711346,,,,,,,,,
CS488711346,USD,2023/10/9,547.03,10982635,2023/10/16,OMS,,AP,
CS488774799,,,,,,,,,
CS488774799,USD,2023/10/9,575.86,10982635,2023/10/16,OMS,,AP,
CS488774799,USD,2023/12/6,-50,12015881,2023/12/6,OMS,,AP,
CS488774799_43461421,USD,2024/1/9,50,2.00004E+17,2024/1/30,OMS,16,AP,
CS488694523,,,,,,,,,
CS488694523,USD,2023/10/9,575.86,10982635,2023/10/16,OMS,,AP,
CS488759989,,,,,,,,,
CS488759989,USD,2023/10/9,575.86,10982635,2023/10/16,OMS,,AP,
CS488670090,,,,,,,,,
CS488670090,USD,2023/10/10,96.24,10982635,2023/10/16,OMS,,AP,
CS488670090,USD,2023/10/10,567.98,11186090,2023/10/18,OMS,,AP,
CS488670090,USD,2023/12/22,-664.22,12290209,2023/12/22,OMS,,AP,
CS488670090,USD,2023/12/22,-250,12290209,2023/12/22,OMS,,AP,
CS488670090_43457546,USD,2024/1/9,50,200003615210002000,2024/1/30,OMS,16,AP,
CS488670090_43457537,USD,2024/1/9,110.34,2.00004E+17,2024/1/30,OMS,16,AP,
CS488670090_43457544,USD,2024/1/9,50,2.00004E+17,2024/1/30,OMS,16,AP,
CS488670090_43457542,USD,2024/1/9,273.73,2.00004E+17,2024/1/30,OMS,16,AP,
CS488670090_43457540,USD,2024/1/9,50,2.00004E+17,2024/1/30,OMS,16,AP,
CS488670090_43457541,USD,2024/1/9,50,2.00004E+17,2024/1/30,OMS,16,AP,
CS488670090_43457539,USD,2024/1/9,106.93,2.00004E+17,2024/1/30,OMS,16,AP,
CS488670090_43457545,USD,2024/1/9,76.98,2.00004E+17,2024/1/30,OMS,16,AP,
CS488670090_43457538,USD,2024/1/9,50,2.00004E+17,2024/1/30,OMS,16,AP,
CS488670090_43457543,USD,2024/1/9,96.24,2.00004E+17,2024/1/30,OMS,16,AP,
CS488791450,,,,,,,,,
CS488791450,USD,2023/10/12,454.09,11067718,2023/10/20,OMS,,AP,
CS488791450,USD,2023/11/12,-15.65,11555826,2023/11/13,OMS,,AP,
CS488707178,,,,,,,,,
CS488707178,USD,2023/10/6,232.76,10897057,2023/10/11,OMS,,AP,
CS488805041,,,,,,,,,
CS488805041,USD,2023/10/5,248.29,10897057,2023/10/11,OMS,,AP,
CS488697273,,,,,,,,,
CS488697273,USD,2023/10/5,239.25,10897057,2023/10/11,OMS,,AP,
CS488677530,,,,,,,,,
CS488677530,USD,2023/10/5,239.25,10897057,2023/10/11,OMS,,AP,
CS488712253,,,,,,,,,
CS488712253,USD,2023/10/5,239.25,10897057,2023/10/11,OMS,,AP,
CS488813254,,,,,,,,,
CS488813254,USD,2023/10/5,515.23,10897057,2023/10/11,OMS,,AP,
CS488741155,,,,,,,,,
CS488741155,USD,2023/10/6,611.06,10897057,2023/10/11,OMS,,AP,
CS488795746,,,,,,,,,
CS488795746,USD,2023/10/6,611.06,10897057,2023/10/11,OMS,,AP,
CS488724480,,,,,,,,,
CS488724480,USD,2023/10/6,611.06,10897057,2023/10/11,OMS,,AP,
CS488672872,,,,,,,,,
CS488672872,USD,2023/10/6,611.06,10897057,2023/10/11,OMS,,AP,
CS488788433,,,,,,,,,
CS488788433,USD,2023/10/6,611.06,10897057,2023/10/11,OMS,,AP,
CS488717500,,,,,,,,,
CS488717500,USD,2023/10/6,611.06,10897057,2023/10/11,OMS,,AP,
CS488751379,,,,,,,,,
CS488751379,USD,2023/10/6,611.06,10897057,2023/10/11,OMS,,AP,
CS488799289,,,,,,,,,
CS488799289,USD,2023/10/6,611.06,10897057,2023/10/11,OMS,,AP,
CS488698287,,,,,,,,,
CS488698287,USD,2023/10/5,783.76,10897057,2023/10/11,OMS,,AP,
CS488799724,,,,,,,,,
CS488799724,USD,2023/10/4,118.92,10897057,2023/10/11,OMS,,AP,
CS488799724,USD,2023/10/4,168.65,11186090,2023/10/18,OMS,,AP,
CS486367169,,,,,,,,,
CS486367169,USD,2023/10/6,287.57,10897057,2023/10/11,OMS,,AP,
CS486598377,,,,,,,,,
CS486598377,USD,2023/10/6,287.57,10897057,2023/10/11,OMS,,AP,
CS486608823,,,,,,,,,
CS486608823,USD,2023/10/6,287.57,10897057,2023/10/11,OMS,,AP,
CS486472790,,,,,,,,,
CS486472790,USD,2023/10/6,287.57,10897057,2023/10/11,OMS,,AP,
CS486607522,,,,,,,,,
CS486607522,USD,2023/10/6,287.57,10897057,2023/10/11,OMS,,AP,
CS486557862,,,,,,,,,
CS486557862,USD,2023/10/6,287.57,10897057,2023/10/11,OMS,,AP,
CS487419579,,,,,,,,,
CS487419579,USD,2023/10/6,290.47,10897057,2023/10/11,OMS,,AP,
CS487455375,,,,,,,,,
CS487455375,USD,2023/10/6,290.47,10897057,2023/10/11,OMS,,AP,
CS487345865,,,,,,,,,
CS487345865,USD,2023/10/6,290.47,10897057,2023/10/11,OMS,,AP,
CS487254536,,,,,,,,,
CS487254536,USD,2023/10/6,290.47,10897057,2023/10/11,OMS,,AP,
CS487314802,,,,,,,,,
CS487314802,USD,2023/10/6,290.47,10897057,2023/10/11,OMS,,AP,
CS487379323,,,,,,,,,
CS487379323,USD,2023/10/6,290.47,10897057,2023/10/11,OMS,,AP,
CS487439458,,,,,,,,,
CS487439458,USD,2023/10/6,290.47,10897057,2023/10/11,OMS,,AP,
CS487976193,,,,,,,,,
CS487976193,USD,2023/10/6,287.57,10897057,2023/10/11,OMS,,AP,
CS488155254,,,,,,,,,
CS488155254,USD,2023/10/6,287.57,10897057,2023/10/11,OMS,,AP,
CS488068819,,,,,,,,,
CS488068819,USD,2023/10/6,287.57,10897057,2023/10/11,OMS,,AP,
CS487622978,,,,,,,,,
CS487622978,USD,2023/10/5,290.47,10897057,2023/10/11,OMS,,AP,
CS488315582,,,,,,,,,
CS488315582,USD,2023/10/6,287.57,10897057,2023/10/11,OMS,,AP,
CS488234528,,,,,,,,,
CS488234528,USD,2023/10/6,287.57,10897057,2023/10/11,OMS,,AP,
CS488737875,,,,,,,,,
CS488737875,USD,2023/10/6,287.57,10897057,2023/10/11,OMS,,AP,
CS488486522,,,,,,,,,
CS488486522,USD,2023/10/6,287.57,10897057,2023/10/11,OMS,,AP,
CS488543896,,,,,,,,,
CS488543896,USD,2023/10/6,287.57,10897057,2023/10/11,OMS,,AP,
CA486780468,,,,,,,,,
CA486780468,USD,2023/10/6,50.23,10897057,2023/10/11,OMS,,AP,
CA486780469,,,,,,,,,
CA486780469,USD,2023/10/6,120.12,10897057,2023/10/11,OMS,,AP,
CA486780470,,,,,,,,,
CA486780470,USD,2023/10/6,120.12,10897057,2023/10/11,OMS,,AP,
CA488278374,,,,,,,,,
CA488278374,USD,2023/10/6,49.73,10897057,2023/10/11,OMS,,AP,
CA488278376,,,,,,,,,
CA488278376,USD,2023/10/6,118.92,10897057,2023/10/11,OMS,,AP,
CA488278377,,,,,,,,,
CA488278377,USD,2023/10/6,118.92,10897057,2023/10/11,OMS,,AP,
CA488530723,,,,,,,,,
CA488530723,USD,2023/10/6,49.73,10897057,2023/10/11,OMS,,AP,
CA488530725,,,,,,,,,
CA488530725,USD,2023/10/6,118.92,10897057,2023/10/11,OMS,,AP,
CA488530728,,,,,,,,,
CA488530728,USD,2023/10/6,118.92,10897057,2023/10/11,OMS,,AP,
CA488555399,,,,,,,,,
CA488555399,USD,2023/10/6,49.73,10897057,2023/10/11,OMS,,AP,
CA488555401,,,,,,,,,
CA488555401,USD,2023/10/6,118.92,10897057,2023/10/11,OMS,,AP,
CA488555400,,,,,,,,,
CA488555400,USD,2023/10/6,118.92,10897057,2023/10/11,OMS,,AP,
CA486028494,,,,,,,,,
CA486028494,USD,2023/10/6,49.73,10897057,2023/10/11,OMS,,AP,
CA486028494,USD,2023/10/6,-39.79,200008363810002000,2024/2/20,OMS,47,AP,No
CA486363760,,,,,,,,,
CA486363760,USD,2023/10/6,118.92,10897057,2023/10/11,OMS,,AP,
CA486363760,USD,2023/10/6,-95.14,200008363810002000,2024/2/20,OMS,47,AP,No
CS488136273,,,,,,,,,
CS488136273,USD,2023/10/5,287.57,10897057,2023/10/11,OMS,,AP,
CS488080813,,,,,,,,,
CS488080813,USD,2023/10/5,287.57,10897057,2023/10/11,OMS,,AP,
CS488098542,,,,,,,,,
CS488098542,USD,2023/10/5,287.57,10897057,2023/10/11,OMS,,AP,
CS488098728,,,,,,,,,
CS488098728,USD,2023/10/5,287.57,10897057,2023/10/11,OMS,,AP,
CS488176038,,,,,,,,,
CS488176038,USD,2023/10/5,287.57,10897057,2023/10/11,OMS,,AP,
CS488170201,,,,,,,,,
CS488170201,USD,2023/10/5,287.57,10897057,2023/10/11,OMS,,AP,
CS488172496,,,,,,,,,
CS488172496,USD,2023/10/5,287.57,10897057,2023/10/11,OMS,,AP,
CS488614587,,,,,,,,,
CS488614587,USD,2023/10/5,287.57,10897057,2023/10/11,OMS,,AP,
CS488545799,,,,,,,,,
CS488545799,USD,2023/10/5,287.57,10897057,2023/10/11,OMS,,AP,
CS488576631,,,,,,,,,
CS488576631,USD,2023/10/5,287.57,10897057,2023/10/11,OMS,,AP,
CS488512381,,,,,,,,,
488512381-CR,USD,2023/10/31,-49.73,11476678,2023/11/10,OMS,,AP,
CS488512381,USD,2023/10/5,287.57,10897057,2023/10/11,OMS,,AP,
CS488573130,,,,,,,,,
CS488573130,USD,2023/10/5,287.57,10897057,2023/10/11,OMS,,AP,
CS488675740,,,,,,,,,
CS488675740,USD,2023/10/5,287.57,10897057,2023/10/11,OMS,,AP,
CS488633555,,,,,,,,,
CS488633555,USD,2023/10/5,287.57,10897057,2023/10/11,OMS,,AP,
CS488670385,,,,,,,,,
CS488670385,USD,2023/10/5,287.57,10897057,2023/10/11,OMS,,AP,
CS488097940,,,,,,,,,
CS488097940,USD,2023/10/5,287.57,10897057,2023/10/11,OMS,,AP,
CS488162572,,,,,,,,,
CS488162572,USD,2023/10/5,287.57,10897057,2023/10/11,OMS,,AP,
CS488181346,,,,,,,,,
488181346-CR,USD,2023/10/23,-168.22,11323463,2023/10/31,OMS,,AP,
CS488181346,USD,2023/10/5,287.57,10897057,2023/10/11,OMS,,AP,
CS488141149,,,,,,,,,
488141149-CR,USD,2023/10/23,-166.06,11323463,2023/10/31,OMS,,AP,
CS488141149,USD,2023/10/5,287.57,10897057,2023/10/11,OMS,,AP,
CS488161767,,,,,,,,,
CS488161767,USD,2023/10/5,287.57,10897057,2023/10/11,OMS,,AP,
CS488669420,,,,,,,,,
CS488669420,USD,2023/10/5,287.57,10897057,2023/10/11,OMS,,AP,
CS488596271,,,,,,,,,
CS488596271,USD,2023/10/5,287.57,10897057,2023/10/11,OMS,,AP,
CS488716287,,,,,,,,,
CS488716287,USD,2023/10/5,287.57,10897057,2023/10/11,OMS,,AP,
CS488716287,USD,2023/12/14,-143.79,12172763,2023/12/14,OMS,,AP,
CS488609207,,,,,,,,,
CS488609207,USD,2023/10/5,287.57,10897057,2023/10/11,OMS,,AP,
CS488699984,,,,,,,,,
CS488699984,USD,2023/10/5,287.57,10897057,2023/10/11,OMS,,AP,
CS488475340,,,,,,,,,
CS488475340,USD,2023/10/5,287.57,10897057,2023/10/11,OMS,,AP,
CS488631949,,,,,,,,,
CS488631949,USD,2023/10/5,287.57,10897057,2023/10/11,OMS,,AP,
CS488423021,,,,,,,,,
CS488423021,USD,2023/10/5,287.57,10897057,2023/10/11,OMS,,AP,
CS488453652,,,,,,,,,
CS488453652,USD,2023/10/5,287.57,10897057,2023/10/11,OMS,,AP,
CS488636788,,,,,,,,,
CS488636788,USD,2023/10/5,287.57,10897057,2023/10/11,OMS,,AP,
CS488478044,,,,,,,,,
CS488478044,USD,2023/10/5,287.57,10897057,2023/10/11,OMS,,AP,
CS488469631,,,,,,,,,
CS488469631,USD,2023/10/5,287.57,10897057,2023/10/11,OMS,,AP,
CS488461314,,,,,,,,,
CS488461314,USD,2023/10/5,287.57,10897057,2023/10/11,OMS,,AP,
CS488585153,,,,,,,,,
CS488585153,USD,2023/10/5,287.57,10897057,2023/10/11,OMS,,AP,
CS488735823,,,,,,,,,
CS488735823,USD,2023/10/5,287.57,10897057,2023/10/11,OMS,,AP,
CS488575201,,,,,,,,,
CS488575201,USD,2023/10/5,287.57,10897057,2023/10/11,OMS,,AP,
CS488419867,,,,,,,,,
CS488419867,USD,2023/10/5,287.57,10897057,2023/10/11,OMS,,AP,
CS488468219,,,,,,,,,
CS488468219,USD,2023/10/5,287.57,10897057,2023/10/11,OMS,,AP,
CS488533368,,,,,,,,,
CS488533368,USD,2023/10/5,287.57,10897057,2023/10/11,OMS,,AP,
CS488496865,,,,,,,,,
CS488496865,USD,2023/10/5,287.57,10897057,2023/10/11,OMS,,AP,
CS488499533,,,,,,,,,
CS488499533,USD,2023/10/5,287.57,10897057,2023/10/11,OMS,,AP,
CS488691414,,,,,,,,,
CS488691414,USD,2023/10/5,287.57,10897057,2023/10/11,OMS,,AP,
CS488576968,,,,,,,,,
CS488576968,USD,2023/10/5,287.57,10897057,2023/10/11,OMS,,AP,
CS488638370,,,,,,,,,
CS488638370,USD,2023/10/5,287.57,10897057,2023/10/11,OMS,,AP,
CS488737079,,,,,,,,,
CS488737079,USD,2023/10/5,287.57,10897057,2023/10/11,OMS,,AP,
CS488703514,,,,,,,,,
CS488703514,USD,2023/10/5,287.57,10897057,2023/10/11,OMS,,AP,
CS488743133,,,,,,,,,
CS488743133,USD,2023/10/5,287.57,10897057,2023/10/11,OMS,,AP,
CS488750700,,,,,,,,,
CS488750700,USD,2023/10/5,287.57,10897057,2023/10/11,OMS,,AP,
CA488556026,,,,,,,,,
CA488556026,USD,2023/10/5,118.92,10897057,2023/10/11,OMS,,AP,
CA488556028,,,,,,,,,
CA488556028,USD,2023/10/5,118.92,10897057,2023/10/11,OMS,,AP,
CA488556029,,,,,,,,,
CA488556029,USD,2023/10/5,49.73,10897057,2023/10/11,OMS,,AP,
CA488563175,,,,,,,,,
CA488563175,USD,2023/10/5,118.92,10897057,2023/10/11,OMS,,AP,
CA488563176,,,,,,,,,
CA488563176,USD,2023/10/5,118.92,10897057,2023/10/11,OMS,,AP,
CA488563178,,,,,,,,,
CA488563178,USD,2023/10/5,49.73,10897057,2023/10/11,OMS,,AP,
CA488570731,,,,,,,,,
CA488570731,USD,2023/10/5,118.92,10897057,2023/10/11,OMS,,AP,
CA488570733,,,,,,,,,
CA488570733,USD,2023/10/5,118.92,10897057,2023/10/11,OMS,,AP,
CA488570734,,,,,,,,,
CA488570734,USD,2023/10/5,49.73,10897057,2023/10/11,OMS,,AP,
CA488761242,,,,,,,,,
CA488761242,USD,2023/10/5,118.92,10897057,2023/10/11,OMS,,AP,
CA488761243,,,,,,,,,
CA488761243,USD,2023/10/5,118.92,10897057,2023/10/11,OMS,,AP,
CA488761244,,,,,,,,,
CA488761244,USD,2023/10/5,49.73,10897057,2023/10/11,OMS,,AP,
CA488788485,,,,,,,,,
CA488788485,USD,2023/10/5,118.92,10897057,2023/10/11,OMS,,AP,
CA488788488,,,,,,,,,
CA488788488,USD,2023/10/5,49.73,10897057,2023/10/11,OMS,,AP,
CA488788484,,,,,,,,,
CA488788484,USD,2023/10/5,118.92,10897057,2023/10/11,OMS,,AP,
CS488554565,,,,,,,,,
CS488554565,USD,2023/10/5,118.92,10897057,2023/10/11,OMS,,AP,
CS488688132,,,,,,,,,
CS488688132,USD,2023/10/5,287.57,10897057,2023/10/11,OMS,,AP,
CS488698554,,,,,,,,,
CS488698554,USD,2023/10/5,287.57,10897057,2023/10/11,OMS,,AP,
CS488762656,,,,,,,,,
CS488762656,USD,2023/10/5,287.57,10897057,2023/10/11,OMS,,AP,
CS488814191,,,,,,,,,
CS488814191,USD,2023/10/5,287.57,10897057,2023/10/11,OMS,,AP,
CS488773412,,,,,,,,,
CS488773412,USD,2023/10/5,287.57,10897057,2023/10/11,OMS,,AP,
CS488814828,,,,,,,,,
CS488814828,USD,2023/10/5,287.57,10897057,2023/10/11,OMS,,AP,
CS488778809,,,,,,,,,
CS488778809,USD,2023/10/6,287.57,10897057,2023/10/11,OMS,,AP,
CS488784826,,,,,,,,,
CS488784826,USD,2023/10/6,187.37,10897057,2023/10/11,OMS,,AP,
CS488714007,,,,,,,,,
CS488714007,USD,2023/10/6,187.37,10897057,2023/10/11,OMS,,AP,
CS488808960,,,,,,,,,
CS488808960,USD,2023/10/6,187.37,10897057,2023/10/11,OMS,,AP,
CS488659449,,,,,,,,,
CS488659449,USD,2023/10/6,187.37,10897057,2023/10/11,OMS,,AP,
CS488739909,,,,,,,,,
CS488739909,USD,2023/10/6,187.37,10897057,2023/10/11,OMS,,AP,
CS488754144,,,,,,,,,
CS488754144,USD,2023/10/6,187.37,10897057,2023/10/11,OMS,,AP,
CS488741451,,,,,,,,,
CS488741451,USD,2023/10/5,187.37,10897057,2023/10/11,OMS,,AP,
CS488709672,,,,,,,,,
CS488709672,USD,2023/10/5,187.37,10897057,2023/10/11,OMS,,AP,
CS488695429,,,,,,,,,
CS488695429,USD,2023/10/5,187.37,10897057,2023/10/11,OMS,,AP,
CS488782259,,,,,,,,,
CS488782259,USD,2023/10/5,187.37,10897057,2023/10/11,OMS,,AP,
CS488749207,,,,,,,,,
CS488749207,USD,2023/10/6,188.1,10897057,2023/10/11,OMS,,AP,
CS488702760,,,,,,,,,
CS488702760,USD,2023/10/5,226.59,10897057,2023/10/11,OMS,,AP,
CS488707969,,,,,,,,,
CS488707969,USD,2023/10/5,289.78,10897057,2023/10/11,OMS,,AP,
CS488729809,,,,,,,,,
CS488729809,USD,2023/10/5,289.78,10897057,2023/10/11,OMS,,AP,
CS488764981,,,,,,,,,
CS488764981,USD,2023/10/5,289.78,10897057,2023/10/11,OMS,,AP,
CS488811745,,,,,,,,,
CS488811745,USD,2023/10/6,187.55,10897057,2023/10/11,OMS,,AP,
CS488689536,,,,,,,,,
CS488689536,USD,2023/10/6,187.55,10897057,2023/10/11,OMS,,AP,
CS488743301,,,,,,,,,
CS488743301,USD,2023/10/6,187.55,10897057,2023/10/11,OMS,,AP,
CS488729363,,,,,,,,,
CS488729363,USD,2023/10/6,187.55,10897057,2023/10/11,OMS,,AP,
CS488774562,,,,,,,,,
CS488774562,USD,2023/10/6,174.91,10897057,2023/10/11,OMS,,AP,
CS488777830,,,,,,,,,
CS488777830,USD,2023/10/5,453.22,10897057,2023/10/11,OMS,,AP,
CA488768165,,,,,,,,,
CA488768165,USD,2023/10/5,453.22,10897057,2023/10/11,OMS,,AP,
CS488691606,,,,,,,,,
CS488691606,USD,2023/10/5,453.22,10897057,2023/10/11,OMS,,AP,
CS488702857,,,,,,,,,
CS488702857,USD,2023/10/5,453.22,10897057,2023/10/11,OMS,,AP,
CS488755920,,,,,,,,,
CS488755920,USD,2023/10/5,453.22,10897057,2023/10/11,OMS,,AP,
CA488742939,,,,,,,,,
CA488742939,USD,2023/10/5,453.22,10897057,2023/10/11,OMS,,AP,
CS488752024,,,,,,,,,
CS488752024,USD,2023/10/5,453.22,10897057,2023/10/11,OMS,,AP,
CS488577049,,,,,,,,,
CS488577049,USD,2023/10/6,525.04,10897057,2023/10/11,OMS,,AP,
CS488673696,,,,,,,,,
CS488673696,USD,2023/10/6,91,10897057,2023/10/11,OMS,,AP,
CS488674801,,,,,,,,,
CS488674801,USD,2023/10/5,453.22,10897057,2023/10/11,OMS,,AP,
CS488770443,,,,,,,,,
CS488770443,USD,2023/10/5,453.22,10897057,2023/10/11,OMS,,AP,
CS488736608,,,,,,,,,
CS488736608,USD,2023/10/5,453.22,10897057,2023/10/11,OMS,,AP,
CS488632038,,,,,,,,,
CS488632038,USD,2023/10/5,453.22,10897057,2023/10/11,OMS,,AP,
CS488678473,,,,,,,,,
CS488678473,USD,2023/10/5,453.22,10897057,2023/10/11,OMS,,AP,
CS488792773,,,,,,,,,
CS488792773,USD,2023/10/4,453.22,10897057,2023/10/11,OMS,,AP,
CS488712332,,,,,,,,,
CS488712332,USD,2023/10/6,615.13,10897057,2023/10/11,OMS,,AP,
CS488542602,,,,,,,,,
CS488542602,USD,2023/10/6,61.26,10897057,2023/10/11,OMS,,AP,
CS488666769,,,,,,,,,
CS488666769,USD,2023/10/6,111.38,10897057,2023/10/11,OMS,,AP,
CS488680170,,,,,,,,,
CS488680170,USD,2023/10/4,55.69,10897057,2023/10/11,OMS,,AP,
CS488706216,,,,,,,,,
CS488706216,USD,2023/10/5,55.69,10897057,2023/10/11,OMS,,AP,
CS488745018,,,,,,,,,
CS488745018,USD,2023/10/5,55.69,10897057,2023/10/11,OMS,,AP,
CS488784598,,,,,,,,,
CS488784598,USD,2023/10/5,55.69,10897057,2023/10/11,OMS,,AP,
CS488713968,,,,,,,,,
CS488713968,USD,2023/10/5,55.69,10897057,2023/10/11,OMS,,AP,
CS488727877,,,,,,,,,
CS488727877,USD,2023/10/6,55.69,10897057,2023/10/11,OMS,,AP,
CS488677997,,,,,,,,,
CS488677997,USD,2023/10/5,55.69,10897057,2023/10/11,OMS,,AP,
CS488773945,,,,,,,,,
CS488773945,USD,2023/10/5,55.69,10897057,2023/10/11,OMS,,AP,
CS488714080,,,,,,,,,
CS488714080,USD,2023/10/5,55.69,10897057,2023/10/11,OMS,,AP,
CS488705047,,,,,,,,,
CS488705047,USD,2023/10/6,85.76,10897057,2023/10/11,OMS,,AP,
CS488670487,,,,,,,,,
CS488670487,USD,2023/10/9,85.76,10982635,2023/10/16,OMS,,AP,
CA488791631,,,,,,,,,
CA488791631,USD,2023/10/6,68.93,10897057,2023/10/11,OMS,,AP,
CS488879939,,,,,,,,,
CS488879939,USD,2023/10/9,585.72,10982635,2023/10/16,OMS,,AP,
CS488891225,,,,,,,,,
CS488891225,USD,2023/10/12,621.67,11067718,2023/10/20,OMS,,AP,
CS488885278,,,,,,,,,
CS488885278,USD,2023/10/10,457.32,10982635,2023/10/16,OMS,,AP,
CS488885278,USD,2023/10/10,129.67,11186090,2023/10/18,OMS,,AP,
CS488831945,,,,,,,,,
CS488831945,USD,2023/10/12,586.99,11067718,2023/10/20,OMS,,AP,
CS488848307,,,,,,,,,
CS488848307,USD,2023/10/12,586.99,11067718,2023/10/20,OMS,,AP,
CS488849534,,,,,,,,,
488849534,USD,2023/10/30,155.61,11546010,2023/11/6,OMS,,AP,
CS488849534,USD,2023/10/12,431.38,11067718,2023/10/20,OMS,,AP,
CS488859418,,,,,,,,,
CS488859418,USD,2023/10/12,655.2,11067718,2023/10/20,OMS,,AP,
CS488819542,,,,,,,,,
CS488819542,USD,2023/10/10,575.86,10982635,2023/10/16,OMS,,AP,
CS488832638,,,,,,,,,
CS488832638,USD,2023/10/10,575.86,10982635,2023/10/16,OMS,,AP,
CS488970641,,,,,,,,,
CS488970641,USD,2023/10/10,575.86,10982635,2023/10/16,OMS,,AP,
CS488862206,,,,,,,,,
488862206,USD,2023/10/30,575.85,11546010,2023/11/6,OMS,,AP,
CS488862206,USD,2023/10/11,575.85,11067718,2023/10/20,OMS,,AP,
CS488959240,,,,,,,,,
CS488959240,USD,2023/10/11,547.03,11067718,2023/10/20,OMS,,AP,
CS488846280,,,,,,,,,
CS488846280,USD,2023/10/11,575.85,11067718,2023/10/20,OMS,,AP,
CS488846280,USD,2023/12/16,-55.29,12311301,2023/12/18,OMS,,AP,
CS488941427,,,,,,,,,
CS488941427,USD,2023/10/11,575.85,11067718,2023/10/20,OMS,,AP,
CS488941427,USD,2023/11/20,-22.41,11706385,2023/11/20,OMS,,AP,
CS488941427,USD,2023/11/24,-20.97,11794287,2023/11/24,OMS,,AP,
CS488941427,USD,2023/12/16,-52.28,12311301,2023/12/18,OMS,,AP,
CS488878766,,,,,,,,,
CS488878766,USD,2023/10/10,96.24,10982635,2023/10/16,OMS,,AP,
CS488878766,USD,2023/10/10,567.98,11186090,2023/10/18,OMS,,AP,
CA488911479,,,,,,,,,
CA488911479,USD,2023/10/5,123.8,10897057,2023/10/11,OMS,,AP,
CA488911478,,,,,,,,,
CA488911478,USD,2023/10/5,124.49,10897057,2023/10/11,OMS,,AP,
CS488854592,,,,,,,,,
CS488854592,USD,2023/10/5,248.29,10897057,2023/10/11,OMS,,AP,
CS488930920,,,,,,,,,
CS488930920,USD,2023/10/5,232.76,10897057,2023/10/11,OMS,,AP,
CS488825160,,,,,,,,,
CS488825160,USD,2023/10/5,232.76,10897057,2023/10/11,OMS,,AP,
CS488954345,,,,,,,,,
CS488954345,USD,2023/10/5,248.29,10897057,2023/10/11,OMS,,AP,
CS488965622,,,,,,,,,
CS488965622,USD,2023/10/5,239.25,10897057,2023/10/11,OMS,,AP,
CS488887052,,,,,,,,,
CS488887052,USD,2023/10/5,255.19,10897057,2023/10/11,OMS,,AP,
CS488939528,,,,,,,,,
CS488939528,USD,2023/10/5,255.19,10897057,2023/10/11,OMS,,AP,
CS488883417,,,,,,,,,
CS488883417,USD,2023/10/6,611.06,10897057,2023/10/11,OMS,,AP,
CS488934150,,,,,,,,,
CS488934150,USD,2023/10/6,611.06,10897057,2023/10/11,OMS,,AP,
CA488823715,,,,,,,,,
CA488823715,USD,2023/10/6,611.06,10897057,2023/10/11,OMS,,AP,
CS488842347,,,,,,,,,
CS488842347,USD,2023/10/6,611.06,10897057,2023/10/11,OMS,,AP,
CS488902525,,,,,,,,,
CS488902525,USD,2023/10/6,611.06,10897057,2023/10/11,OMS,,AP,
CS488963542,,,,,,,,,
CS488963542,USD,2023/10/6,611.06,10897057,2023/10/11,OMS,,AP,
CS488903238,,,,,,,,,
CS488903238,USD,2023/10/6,287.57,10897057,2023/10/11,OMS,,AP,
CS488820741,,,,,,,,,
CS488820741,USD,2023/10/7,287.57,10982635,2023/10/16,OMS,,AP,
CS488830963,,,,,,,,,
CS488830963,USD,2023/10/7,287.57,10982635,2023/10/16,OMS,,AP,
CS488839644,,,,,,,,,
CS488839644,USD,2023/10/7,287.57,10982635,2023/10/16,OMS,,AP,
CS488870157,,,,,,,,,
CS488870157,USD,2023/10/7,287.57,10982635,2023/10/16,OMS,,AP,
CS488872584,,,,,,,,,
CS488872584,USD,2023/10/7,287.57,10982635,2023/10/16,OMS,,AP,
CS488874218,,,,,,,,,
CS488874218,USD,2023/10/7,287.57,10982635,2023/10/16,OMS,,AP,
CS488878902,,,,,,,,,
CS488878902,USD,2023/10/7,287.57,10982635,2023/10/16,OMS,,AP,
CS488885102,,,,,,,,,
CS488885102,USD,2023/10/7,287.57,10982635,2023/10/16,OMS,,AP,
CS488889641,,,,,,,,,
CS488889641,USD,2023/10/7,287.57,10982635,2023/10/16,OMS,,AP,
CS488909887,,,,,,,,,
CS488909887,USD,2023/10/7,287.57,10982635,2023/10/16,OMS,,AP,
CS488893647,,,,,,,,,
CS488893647,USD,2023/10/7,287.57,10982635,2023/10/16,OMS,,AP,
CS488927575,,,,,,,,,
CS488927575,USD,2023/10/7,287.57,10982635,2023/10/16,OMS,,AP,
CS488943872,,,,,,,,,
CS488943872,USD,2023/10/7,287.57,10982635,2023/10/16,OMS,,AP,
CS488955908,,,,,,,,,
CS488955908,USD,2023/10/7,287.57,10982635,2023/10/16,OMS,,AP,
CS488819261,,,,,,,,,
CS488819261,USD,2023/10/6,287.57,10897057,2023/10/11,OMS,,AP,
CS488836421,,,,,,,,,
CS488836421,USD,2023/10/6,287.57,10897057,2023/10/11,OMS,,AP,
CS488880320,,,,,,,,,
CS488880320,USD,2023/10/6,287.57,10897057,2023/10/11,OMS,,AP,
CS488882929,,,,,,,,,
CS488882929,USD,2023/10/6,287.57,10897057,2023/10/11,OMS,,AP,
CS488890114,,,,,,,,,
CS488890114,USD,2023/10/6,287.57,10897057,2023/10/11,OMS,,AP,
CS488951276,,,,,,,,,
CS488951276,USD,2023/10/6,287.57,10897057,2023/10/11,OMS,,AP,
CS488951855,,,,,,,,,
CS488951855,USD,2023/10/6,287.57,10897057,2023/10/11,OMS,,AP,
CS488953089,,,,,,,,,
CS488953089,USD,2023/10/6,287.57,10897057,2023/10/11,OMS,,AP,
CS488956582,,,,,,,,,
CS488956582,USD,2023/10/6,287.57,10897057,2023/10/11,OMS,,AP,
CS488964249,,,,,,,,,
CS488964249,USD,2023/10/6,287.57,10897057,2023/10/11,OMS,,AP,
CS488920987,,,,,,,,,
CS488920987,USD,2023/10/6,187.37,10897057,2023/10/11,OMS,,AP,
CS488951932,,,,,,,,,
CS488951932,USD,2023/10/6,187.37,10897057,2023/10/11,OMS,,AP,
CS488968201,,,,,,,,,
CS488968201,USD,2023/10/6,187.37,10897057,2023/10/11,OMS,,AP,
CS488940340,,,,,,,,,
CS488940340,USD,2023/10/6,188.1,10897057,2023/10/11,OMS,,AP,
CS488861948,,,,,,,,,
CS488861948,USD,2023/10/6,208.39,10897057,2023/10/11,OMS,,AP,
CS488902088,,,,,,,,,
CS488902088,USD,2023/10/6,208.39,10897057,2023/10/11,OMS,,AP,
CS488902403,,,,,,,,,
CS488902403,USD,2023/10/9,289.78,10982635,2023/10/16,OMS,,AP,
CA488823449,,,,,,,,,
CA488823449,USD,2023/10/13,71.89,11067718,2023/10/20,OMS,,AP,
CA488823453,,,,,,,,,
CA488823453,USD,2023/10/13,108.93,11067718,2023/10/20,OMS,,AP,
CA488823453,USD,2023/11/12,-210.58,11555826,2023/11/13,OMS,,AP,
CA488823456,,,,,,,,,
CA488823456,USD,2023/10/13,108.93,11067718,2023/10/20,OMS,,AP,
CS488869248,,,,,,,,,
CS488869248,USD,2023/10/6,187.55,10897057,2023/10/11,OMS,,AP,
CS488820726,,,,,,,,,
CS488820726,USD,2023/10/9,187.55,10982635,2023/10/16,OMS,,AP,
CA488862149,,,,,,,,,
CA488862149,USD,2023/10/6,453.22,10897057,2023/10/11,OMS,,AP,
CA488941270,,,,,,,,,
CA488941270,USD,2023/10/6,453.22,10897057,2023/10/11,OMS,,AP,
CS488818289,,,,,,,,,
CS488818289,USD,2023/10/6,453.22,10897057,2023/10/11,OMS,,AP,
CS488829452,,,,,,,,,
CS488829452,USD,2023/10/6,453.22,10897057,2023/10/11,OMS,,AP,
CS488843872,,,,,,,,,
CS488843872,USD,2023/10/6,453.22,10897057,2023/10/11,OMS,,AP,
CS488906667,,,,,,,,,
CS488906667,USD,2023/10/6,453.22,10897057,2023/10/11,OMS,,AP,
CS488880908,,,,,,,,,
CS488880908,USD,2023/10/6,453.22,10897057,2023/10/11,OMS,,AP,
CS488881004,,,,,,,,,
CS488881004,USD,2023/10/6,906.42,10897057,2023/10/11,OMS,,AP,
CS488901928,,,,,,,,,
CS488901928,USD,2023/10/6,453.22,10897057,2023/10/11,OMS,,AP,
CS488935690,,,,,,,,,
CS488935690,USD,2023/10/6,453.22,10897057,2023/10/11,OMS,,AP,
CS488966551,,,,,,,,,
CS488966551,USD,2023/10/6,453.22,10897057,2023/10/11,OMS,,AP,
CS488827209,,,,,,,,,
CS488827209,USD,2023/10/6,36.03,10897057,2023/10/11,OMS,,AP,
CS488828699,,,,,,,,,
CS488828699,USD,2023/10/6,36.03,10897057,2023/10/11,OMS,,AP,
CS488922068,,,,,,,,,
CS488922068,USD,2023/10/6,36.03,10897057,2023/10/11,OMS,,AP,
CS488837042,,,,,,,,,
CS488837042,USD,2023/10/6,111.38,10897057,2023/10/11,OMS,,AP,
CS488843626,,,,,,,,,
CS488843626,USD,2023/10/6,55.69,10897057,2023/10/11,OMS,,AP,
CS488850641,,,,,,,,,
CS488850641,USD,2023/10/6,55.69,10897057,2023/10/11,OMS,,AP,
CS488880561,,,,,,,,,
CS488880561,USD,2023/10/6,55.69,10897057,2023/10/11,OMS,,AP,
CS488880711,,,,,,,,,
CS488880711,USD,2023/10/6,111.39,10897057,2023/10/11,OMS,,AP,
CS488895780,,,,,,,,,
CS488895780,USD,2023/10/6,55.69,10897057,2023/10/11,OMS,,AP,
CS488912018,,,,,,,,,
CS488912018,USD,2023/10/6,55.69,10897057,2023/10/11,OMS,,AP,
CS488930660,,,,,,,,,
CS488930660,USD,2023/10/6,55.69,10897057,2023/10/11,OMS,,AP,
CS488830992,,,,,,,,,
CS488830992,USD,2023/10/6,55.69,10897057,2023/10/11,OMS,,AP,
CS488843836,,,,,,,,,
CS488843836,USD,2023/10/6,55.69,10897057,2023/10/11,OMS,,AP,
CS488905995,,,,,,,,,
488905995-CR,USD,2023/11/1,-55.69,11476678,2023/11/10,OMS,,AP,
CS488905995,USD,2023/10/6,55.69,10897057,2023/10/11,OMS,,AP,
CA488825525,,,,,,,,,
CA488825525,USD,2023/10/6,55.69,10897057,2023/10/11,OMS,,AP,
CS488872613,,,,,,,,,
CS488872613,USD,2023/10/6,111.39,10897057,2023/10/11,OMS,,AP,
CS488873127,,,,,,,,,
CS488873127,USD,2023/10/6,55.69,10897057,2023/10/11,OMS,,AP,
CS488875658,,,,,,,,,
CS488875658,USD,2023/10/6,55.69,10897057,2023/10/11,OMS,,AP,
CS488902197,,,,,,,,,
CS488902197,USD,2023/10/6,55.69,10897057,2023/10/11,OMS,,AP,
CS488921100,,,,,,,,,
CS488921100,USD,2023/10/6,55.69,10897057,2023/10/11,OMS,,AP,
CS488970131,,,,,,,,,
CS488970131,USD,2023/10/6,85.76,10897057,2023/10/11,OMS,,AP,
CA488911480,,,,,,,,,
CA488911480,USD,2023/10/6,85.76,10897057,2023/10/11,OMS,,AP,
CS488826276,,,,,,,,,
CS488826276,USD,2023/10/6,68.93,10897057,2023/10/11,OMS,,AP,
CS488994651,,,,,,,,,
CS488994651,USD,2023/10/12,93.36,11067718,2023/10/20,OMS,,AP,
CS489066432,,,,,,,,,
CS489066432,USD,2023/10/12,621.67,11067718,2023/10/20,OMS,,AP,
CS488994665,,,,,,,,,
CS488994665,USD,2023/10/12,528.31,11067718,2023/10/20,OMS,,AP,
CS489000572,,,,,,,,,
CS489000572,USD,2023/10/12,586.99,11067718,2023/10/20,OMS,,AP,
CS488980470,,,,,,,,,
CS488980470,USD,2023/10/12,586.99,11067718,2023/10/20,OMS,,AP,
CS489037725,,,,,,,,,
CS489037725,USD,2023/10/15,101.97,11156277,2023/10/23,OMS,,AP,
CS489081264,,,,,,,,,
CS489081264,USD,2023/10/10,547.03,10982635,2023/10/16,OMS,,AP,
CS489092855,,,,,,,,,
CS489092855,USD,2023/10/10,547.03,10982635,2023/10/16,OMS,,AP,
CS489114896,,,,,,,,,
CS489114896,USD,2023/10/10,547.03,10982635,2023/10/16,OMS,,AP,
CS489121478,,,,,,,,,
CS489121478,USD,2023/10/10,547.03,10982635,2023/10/16,OMS,,AP,
CA488997752,,,,,,,,,
CA488997752,USD,2023/10/12,525.04,11067718,2023/10/20,OMS,,AP,
CS488988270,,,,,,,,,
CS488988270,USD,2023/10/10,575.86,10982635,2023/10/16,OMS,,AP,
CS489027684,,,,,,,,,
CS489027684,USD,2023/10/10,575.86,10982635,2023/10/16,OMS,,AP,
CS489118983,,,,,,,,,
CS489118983,USD,2023/10/10,575.86,10982635,2023/10/16,OMS,,AP,
CA488974849,,,,,,,,,
CA488974849,USD,2023/10/10,173.22,10982635,2023/10/16,OMS,,AP,
CA488974849,USD,2023/10/10,491,11186090,2023/10/18,OMS,,AP,
CS489109177,,,,,,,,,
CS489109177,USD,2023/10/13,454.09,11067718,2023/10/20,OMS,,AP,
CS489086337,,,,,,,,,
CS489086337,USD,2023/10/9,248.29,10982635,2023/10/16,OMS,,AP,
CS489055126,,,,,,,,,
CS489055126,USD,2023/10/9,232.76,10982635,2023/10/16,OMS,,AP,
CS489056411,,,,,,,,,
CS489056411,USD,2023/10/9,232.76,10982635,2023/10/16,OMS,,AP,
CS489057722,,,,,,,,,
CS489057722,USD,2023/10/9,232.76,10982635,2023/10/16,OMS,,AP,
CS489073929,,,,,,,,,
CS489073929,USD,2023/10/9,232.76,10982635,2023/10/16,OMS,,AP,
CS489074428,,,,,,,,,
CS489074428,USD,2023/10/9,232.76,10982635,2023/10/16,OMS,,AP,
CS489104012,,,,,,,,,
CS489104012,USD,2023/10/9,232.76,10982635,2023/10/16,OMS,,AP,
CS489118746,,,,,,,,,
CS489118746,USD,2023/10/9,232.76,10982635,2023/10/16,OMS,,AP,
CS488977204,,,,,,,,,
CS488977204,USD,2023/10/9,239.25,10982635,2023/10/16,OMS,,AP,
CS489052135,,,,,,,,,
CS489052135,USD,2023/10/9,239.25,10982635,2023/10/16,OMS,,AP,
CA489055476,,,,,,,,,
CA489055476,USD,2023/10/9,119.95,10982635,2023/10/16,OMS,,AP,
CA489055477,,,,,,,,,
CA489055477,USD,2023/10/9,119.3,10982635,2023/10/16,OMS,,AP,
CS488993321,,,,,,,,,
CS488993321,USD,2023/10/9,234.41,10982635,2023/10/16,OMS,,AP,
CS489099790,,,,,,,,,
CS489099790,USD,2023/10/9,85.99,10982635,2023/10/16,OMS,,AP,
CS489104723,,,,,,,,,
CS489104723,USD,2023/10/9,611.06,10982635,2023/10/16,OMS,,AP,
CS489110300,,,,,,,,,
CS489110300,USD,2023/10/9,611.06,10982635,2023/10/16,OMS,,AP,
CS489110925,,,,,,,,,
CS489110925,USD,2023/10/9,611.06,10982635,2023/10/16,OMS,,AP,
CS488978799,,,,,,,,,
CS488978799,USD,2023/10/9,611.04,10982635,2023/10/16,OMS,,AP,
CS489003482,,,,,,,,,
CS489003482,USD,2023/10/9,611.05,10982635,2023/10/16,OMS,,AP,
CS489009214,,,,,,,,,
CS489009214,USD,2023/10/9,611.05,10982635,2023/10/16,OMS,,AP,
CS489012519,,,,,,,,,
CS489012519,USD,2023/10/9,611.04,10982635,2023/10/16,OMS,,AP,
CS489027120,,,,,,,,,
CS489027120,USD,2023/10/9,611.05,10982635,2023/10/16,OMS,,AP,
CS489029486,,,,,,,,,
CS489029486,USD,2023/10/9,611.05,10982635,2023/10/16,OMS,,AP,
CS489064590,,,,,,,,,
CS489064590,USD,2023/10/9,611.05,10982635,2023/10/16,OMS,,AP,
CS489064590,USD,2023/12/30,-62.24,12369663,2024/1/2,OMS,,AP,
CS489076449,,,,,,,,,
CS489076449,USD,2023/10/9,611.05,10982635,2023/10/16,OMS,,AP,
CS489082108,,,,,,,,,
CS489082108,USD,2023/10/9,611.04,10982635,2023/10/16,OMS,,AP,
CS489089633,,,,,,,,,
CS489089633,USD,2023/10/9,611.04,10982635,2023/10/16,OMS,,AP,
CS489097047,,,,,,,,,
CS489097047,USD,2023/10/9,611.05,10982635,2023/10/16,OMS,,AP,
CS489111207,,,,,,,,,
CS489111207,USD,2023/10/9,611.05,10982635,2023/10/16,OMS,,AP,
CS489113237,,,,,,,,,
CS489113237,USD,2023/10/9,611.05,10982635,2023/10/16,OMS,,AP,
CS489065427,,,,,,,,,
CS489065427,USD,2023/10/9,287.57,10982635,2023/10/16,OMS,,AP,
CS488978960,,,,,,,,,
CS488978960,USD,2023/10/7,287.57,10982635,2023/10/16,OMS,,AP,
CS488983545,,,,,,,,,
CS488983545,USD,2023/10/7,287.57,10982635,2023/10/16,OMS,,AP,
CS488994990,,,,,,,,,
CS488994990,USD,2023/10/7,287.57,10982635,2023/10/16,OMS,,AP,
CS489000591,,,,,,,,,
CS489000591,USD,2023/10/7,287.57,10982635,2023/10/16,OMS,,AP,
CS489003866,,,,,,,,,
CS489003866,USD,2023/10/6,287.57,10897057,2023/10/11,OMS,,AP,
CS489018267,,,,,,,,,
CS489018267,USD,2023/10/7,287.57,10982635,2023/10/16,OMS,,AP,
CS489034074,,,,,,,,,
CS489034074,USD,2023/10/7,287.57,10982635,2023/10/16,OMS,,AP,
CS489043177,,,,,,,,,
CS489043177,USD,2023/10/7,287.57,10982635,2023/10/16,OMS,,AP,
CS489043644,,,,,,,,,
CS489043644,USD,2023/10/7,287.57,10982635,2023/10/16,OMS,,AP,
CS489047609,,,,,,,,,
CS489047609,USD,2023/10/7,287.57,10982635,2023/10/16,OMS,,AP,
CS489047678,,,,,,,,,
CS489047678,USD,2023/10/6,287.57,10897057,2023/10/11,OMS,,AP,
CS489049281,,,,,,,,,
CS489049281,USD,2023/10/6,287.57,10897057,2023/10/11,OMS,,AP,
CS489054578,,,,,,,,,
CS489054578,USD,2023/10/6,287.57,10897057,2023/10/11,OMS,,AP,
CS489055453,,,,,,,,,
CS489055453,USD,2023/10/7,287.57,10982635,2023/10/16,OMS,,AP,
CS489055770,,,,,,,,,
CS489055770,USD,2023/10/7,287.57,10982635,2023/10/16,OMS,,AP,
CS489060259,,,,,,,,,
CS489060259,USD,2023/10/7,287.57,10982635,2023/10/16,OMS,,AP,
CS489062115,,,,,,,,,
CS489062115,USD,2023/10/7,287.57,10982635,2023/10/16,OMS,,AP,
CS489064603,,,,,,,,,
CS489064603,USD,2023/10/7,287.57,10982635,2023/10/16,OMS,,AP,
CS489067683,,,,,,,,,
CS489067683,USD,2023/10/7,287.57,10982635,2023/10/16,OMS,,AP,
CS489094924,,,,,,,,,
CS489094924,USD,2023/10/7,287.57,10982635,2023/10/16,OMS,,AP,
CS489083340,,,,,,,,,
CS489083340,USD,2023/10/7,287.57,10982635,2023/10/16,OMS,,AP,
CS489103421,,,,,,,,,
CS489103421,USD,2023/10/7,287.57,10982635,2023/10/16,OMS,,AP,
CS489108721,,,,,,,,,
CS489108721,USD,2023/10/7,287.57,10982635,2023/10/16,OMS,,AP,
CS489109735,,,,,,,,,
CS489109735,USD,2023/10/7,287.57,10982635,2023/10/16,OMS,,AP,
CS489121349,,,,,,,,,
CS489121349,USD,2023/10/7,287.57,10982635,2023/10/16,OMS,,AP,
CA489023505,,,,,,,,,
CA489023505,USD,2023/10/7,118.92,10982635,2023/10/16,OMS,,AP,
CA489023506,,,,,,,,,
CA489023506,USD,2023/10/6,118.92,10897057,2023/10/11,OMS,,AP,
CA489023507,,,,,,,,,
CA489023507,USD,2023/10/7,49.73,10982635,2023/10/16,OMS,,AP,
CA489027241,,,,,,,,,
CA489027241,USD,2023/10/7,49.73,10982635,2023/10/16,OMS,,AP,
CA489027242,,,,,,,,,
CA489027242,USD,2023/10/7,118.92,10982635,2023/10/16,OMS,,AP,
CA489027244,,,,,,,,,
CA489027244,USD,2023/10/7,118.92,10982635,2023/10/16,OMS,,AP,
CA489056454,,,,,,,,,
CA489056454,USD,2023/10/7,118.92,10982635,2023/10/16,OMS,,AP,
CA489056456,,,,,,,,,
CA489056456,USD,2023/10/6,49.73,10897057,2023/10/11,OMS,,AP,
CA489056451,,,,,,,,,
CA489056451,USD,2023/10/7,118.92,10982635,2023/10/16,OMS,,AP,
CS489006362,,,,,,,,,
CS489006362,USD,2023/10/9,287.57,10982635,2023/10/16,OMS,,AP,
CS488972644,,,,,,,,,
CS488972644,USD,2023/10/9,287.57,10982635,2023/10/16,OMS,,AP,
CS489009490,,,,,,,,,
CS489009490,USD,2023/10/9,287.57,10982635,2023/10/16,OMS,,AP,
CS489028159,,,,,,,,,
CS489028159,USD,2023/10/9,287.57,10982635,2023/10/16,OMS,,AP,
CS489036286,,,,,,,,,
CS489036286,USD,2023/10/9,287.57,10982635,2023/10/16,OMS,,AP,
CS489040848,,,,,,,,,
CS489040848,USD,2023/10/9,287.57,10982635,2023/10/16,OMS,,AP,
CS489043028,,,,,,,,,
CS489043028,USD,2023/10/9,287.57,10982635,2023/10/16,OMS,,AP,
CS489051503,,,,,,,,,
CS489051503,USD,2023/10/9,287.57,10982635,2023/10/16,OMS,,AP,
CS489064266,,,,,,,,,
489064266-CR,USD,2023/11/13,-143.79,11706385,2023/11/20,OMS,,AP,
CS489064266,USD,2023/10/9,287.57,10982635,2023/10/16,OMS,,AP,
CS489064516,,,,,,,,,
CS489064516,USD,2023/10/9,287.57,10982635,2023/10/16,OMS,,AP,
CS489062170,,,,,,,,,
CS489062170,USD,2023/10/9,287.57,10982635,2023/10/16,OMS,,AP,
CS489076279,,,,,,,,,
CS489076279,USD,2023/10/9,287.57,10982635,2023/10/16,OMS,,AP,
CS489090884,,,,,,,,,
CS489090884,USD,2023/10/9,287.57,10982635,2023/10/16,OMS,,AP,
CS489111389,,,,,,,,,
CS489111389,USD,2023/10/9,287.57,10982635,2023/10/16,OMS,,AP,
CA489068629,,,,,,,,,
CA489068629,USD,2023/10/9,42.53,10982635,2023/10/16,OMS,,AP,
CA489068630,,,,,,,,,
CA489068630,USD,2023/10/9,122.52,10982635,2023/10/16,OMS,,AP,
CA489068631,,,,,,,,,
CA489068631,USD,2023/10/9,122.52,10982635,2023/10/16,OMS,,AP,
