up主,播放量,时间,视频分类,收藏,点赞,分享
小约翰可汗,947500,2023-12-28,人文历史,20947,105480,3514
济公爷爷_游本昌,1505704,2023-12-28,预告·资讯,44185,214521,9664
凤凰传奇,518880,2023-12-28,原创音乐,6354,33732,9185
哔哩哔哩纪录片,1165811,2023-12-27,人文·历史,1507,4742,518
华为终端,713487,2023-12-26,数码,991,6860,456
叔贵,1627418,2023-12-28,健身,15200,39365,1960
手工耿,1979958,2023-12-28,极客DIY,8545,155359,2642
绵羊料理,2051790,2023-12-28,美食制作,12719,144094,1513
papi酱,1359678,2023-12-28,搞笑,11058,195280,12155
哔哩哔哩晚会,244374,2023-12-25,音乐综合,74,8241,657
闲人1943,1705606,2023-12-27,鬼畜剧场,22089,92468,25666
叛逆少女刘开心,1304492,2023-12-26,出行,30495,233167,4250
三宋在这,1848188,2023-12-26,日常,81346,204798,57562
绝区零,248311,2023-12-28,手机游戏,5916,44072,2771
王左导演,360154,2023-12-27,人文历史,2259,25425,561
啾啾学英语,1272378,2023-12-27,搞笑,15116,82040,6696
可大师,290621,2023-12-27,鬼畜调教,7509,35271,1650
沙雕动画潇洒哥,711802,2023-12-27,短片·手书,45092,59856,5061
小约翰可汗,1557720,2023-12-26,人文历史,24476,140866,6008
非正式会谈,396112,2023-12-27,综艺,234,2863,42
无穷小亮的科普日常,3231880,2023-12-26,科学科普,28267,387777,15401
崩坏星穹铁道,288875,2023-12-28,手机游戏,3025,37968,1017
央视新闻,417017,2023-12-28,综合,8238,77272,3984
永琪吗,1122498,2023-12-28,搞笑,1545,68092,323
逍遥散人,1479272,2023-12-28,日常,4427,65346,1206
淘宝,1019160,2023-12-26,搞笑,5747,54762,9933
D深情秋刀鱼,633994,2023-12-28,电子竞技,6895,88740,3548
央视新闻,1225367,2023-12-28,野生动物,6472,69374,10604
芦苇十三少,298921,2023-12-28,短片·手书,4674,35332,892
中国食品报融媒体,1304480,2023-12-27,科学科普,11843,108492,10902
纪录片解说传奇,3485410,2023-12-26,日常,41615,476239,1552
一条视频,196876,2023-12-28,日常,4797,14516,1790
百万剪辑狮,1357431,2023-12-25,影视剪辑,79396,160591,37681
大力滴滴滴,1685032,2023-12-25,翻唱,72812,150952,45634
她会做饭,909035,2023-12-27,美食制作,11310,78353,2002
绫河001,197363,2023-12-28,手机游戏,4666,43969,216
卑鄙的老曹,849072,2023-12-28,日常,3202,38768,5358
ssi小许,1342701,2023-12-28,搞笑,7600,136914,8185
Tiger西西,713318,2023-12-28,美食制作,4517,93909,689
短腿小萝卜_babycarrot,999156,2023-12-27,健身,4250,68351,1340
舌尖上的老六,362954,2023-12-27,美食制作,8648,35670,608
政宗君de情敌,324649,2023-12-28,动漫杂谈,5203,11251,377
_张天琪,550695,2023-12-27,搞笑,5378,68184,272
小Lin说,580354,2023-12-28,财经商业,5515,38071,1609
焦糖学姐,286290,2023-12-28,喵星人,13962,73472,5077
伤心欲茄222,1613508,2023-12-26,搞笑,25154,237584,15842
姚望台球,620353,2023-12-26,运动综合,13512,25340,1210
逍遥散人,413394,2023-12-27,单机游戏,10432,29615,4073
微粒贷,2010958,2023-12-26,短片,6681,38865,2682
小白测评,708841,2023-12-28,新能源车,1878,20587,5389
水果猎人杨晓洋,1161318,2023-12-27,科学科普,9055,123697,3218
厌离吃席教学,264717,2023-12-28,美食记录,1462,22534,2168
好奇艾瑞,1765202,2023-12-26,科学科普,19641,129581,13212
生産性全無的Brujaさん,164460,2023-12-27,音乐综合,11882,30261,5909
飞猪,168791,2023-12-28,日常,2236,4183,555
格格温喔,312442,2023-12-28,电子竞技,768,3542,90
邢三狗子,570072,2023-12-27,搞笑,14614,132780,357
派小轩,690211,2023-12-28,小剧场,1145,67111,419
冰女安娜,460043,2023-12-28,搞笑,2145,34707,397
六二二同学w,407515,2023-12-28,日常,7829,29115,505
women51,303727,2023-12-29,手机游戏,1350,19784,6026
安东学长,367003,2023-12-28,出行,6452,44700,2652
挖沟连彭沟长,630768,2023-12-28,影视杂谈,3672,29232,1604
大瑶同学remix,136703,2023-12-29,搞笑,1070,29702,626
本喵叫兔兔,354679,2023-12-28,喵星人,2420,55403,794
健美队长说,1318932,2023-12-24,健身,20306,120103,5640
小冰冰传奇手游,269835,2023-12-25,手机游戏,882,4623,107
low君热剧,147485,2023-12-29,影视杂谈,1566,11750,247
深空之眼手游,33141,2023-12-29,手机游戏,1672,2646,1597
尽墨for车,582434,2023-12-27,赛车,3603,40360,2034
魔鬼厨房Neo,252858,2023-12-28,美食记录,1382,19904,527
八零徐姥姥,450227,2023-12-28,三农,1628,57393,938
-不灵-,227082,2023-12-27,MMD·3D,17091,42085,6625
林带鱼w,451006,2023-12-28,日常,3060,68150,179
蔻蔻妮娜,290905,2023-12-28,新能源车,997,7471,971
科技美学,437729,2023-12-28,数码,997,15439,3218
cf老班长_求个小关注,802289,2023-12-27,网络游戏,4898,59693,2382
Spylent,739110,2023-12-27,原创音乐,28244,88006,28978
明日方舟,569297,2023-12-28,原创音乐,23282,74833,7820
沙雕动画潇洒哥,176953,2023-12-28,短片·手书,14047,20783,1128
爱鼓捣的邢志磊,7383757,2023-12-23,手工,55366,628793,7358
绝活阿灿,55717,2023-12-29,日常,1789,9861,140
食事史馆,106241,2023-12-28,人文历史,2493,9029,316
小潮院长,6075705,2023-12-22,搞笑,191646,536303,14351
鲁大能,92844,2023-12-29,网络游戏,1930,19196,402
哈仔十一,608376,2023-12-28,汪星人,2021,46804,612
叶忍菌,239009,2023-12-29,手机游戏,1325,18378,652
无穷小亮的科普日常,405040,2023-12-28,科学科普,2104,58119,622
拉宏桑,786401,2023-12-28,日常,2277,38682,667
梗百科,350911,2023-12-28,搞笑,2003,18753,321
真子日记,1519473,2023-12-27,搞笑,3266,123447,2424
所长Wy,149214,2023-12-28,新能源车,558,4424,517
君在西安,239855,2023-12-28,美食侦探,542,14017,274
Muc虚空之翼,227902,2023-12-28,手机游戏,2687,15962,451
懂一点人情世故,714868,2023-12-27,社科·法律·心理,5719,55917,1598
洪千辰,183043,2023-12-28,日常,6039,7674,2814
枪弹轨迹,570645,2023-12-27,鬼畜调教,20022,90343,13123
李如儒也是李蠕蠕,1234830,2023-12-27,小剧场,10457,209085,686
老王在中国,245620,2023-12-28,美食侦探,808,15426,931
大沛沛沛吖,2071502,2023-12-26,穿搭,5952,41808,1287
李维刚的日常,1635057,2023-12-26,仿妆cos,7310,189659,2126
周深资讯站,141510,2023-12-29,音乐现场,5033,14518,1501
五个光,513195,2023-12-28,动漫杂谈,2224,31190,1523
午觉已到,474825,2023-12-27,手机游戏,12929,24618,1357
龙腾虎跃龙兽医,884243,2023-12-27,三农,1944,92968,186
培根悖论唠唠嗑,291467,2023-12-27,影视杂谈,5267,15613,503
浙江共青团,644359,2023-12-27,日常,4278,63821,7587
姚姚不是P30,503862,2023-12-27,搞笑,913,39576,495
热爱生活的孤寡小张,116632,2023-12-28,搞笑,1203,19525,1207
付航脱口秀,3901888,2023-12-23,搞笑,67257,503716,31121
小片片说大片,1018967,2023-12-27,影视杂谈,8566,40853,1322
星有野,2809597,2023-12-23,短片·手书,84856,387182,20916
二战艺术家y,117837,2023-12-27,单机游戏,1464,16914,512
世界美食official,784773,2023-12-27,美食侦探,2164,53562,1135
一诺求生录,317260,2023-12-27,野生技能协会,8794,51408,407
萝太永不破防,478627,2023-12-27,单机游戏,7084,58052,2005
一条看电影,130805,2023-12-27,影视杂谈,4135,6031,342
动漫作业本,322592,2023-12-28,动漫杂谈,2965,25025,2434
_Pacino,1394939,2023-12-26,影视剪辑,45269,228277,4120
汤木檀泽,583836,2023-12-27,日常,2364,60555,375
开心嘴炮,310527,2023-12-28,影视杂谈,1123,15991,208
暗区突围,1796307,2023-12-28,手机游戏,9537,92980,2196
穿毛裤的小拉泽,920498,2023-12-26,美食测评,4299,51879,575
极速拍档-NANA,578803,2023-12-27,新能源车,2222,22722,4367
招财喵剧组,115703,2023-12-28,小剧场,654,14013,414
张煜东East,393933,2023-12-27,绘画,3663,43049,200
沉默耗子,632384,2023-12-26,短片·手书,11002,51293,3842
小岗同学,325211,2023-12-27,搞笑,3645,63065,823
梗指南,1929340,2023-12-25,搞笑,21944,105308,6257
画画的烛龙,917423,2023-12-28,绘画,8793,84341,7974
此地无垠王垠,253890,2023-12-28,购车攻略,630,8309,941
华白雨,125090,2023-12-28,动漫杂谈,2232,8709,309
冷梦sensei,480239,2023-12-27,电子竞技,2306,33407,624
演员李子雄,650275,2023-12-27,搞笑,1151,32443,107
车若初见,275170,2023-12-28,汽车生活,1668,5732,1985
崩坏星穹铁道,625703,2023-12-28,手机游戏,6351,67784,1937
南翔不爱吃饭,6629806,2023-12-23,美食制作,60937,372538,3619
愚人戏社,126570,2023-12-28,手机游戏,15421,33566,1858
胖龙的小生活,392273,2023-12-28,美食记录,770,18642,408
新华社,858885,2023-12-27,舞蹈综合,8657,104527,2974
文西与阿漆,696636,2023-12-27,搞笑,2967,53358,872
你的不秃头,273429,2023-12-27,野生技能协会,36583,43629,1253
卡特亚,925714,2023-12-27,手机游戏,9611,70369,3560
桥北小书生,158738,2023-12-27,人力VOCALOID,2529,17097,319
大漠叔叔,1076923,2023-12-27,搞笑,3642,91647,952
小叮当的一家,559297,2023-12-28,搞笑,1511,60138,177
飞飞的车COOL,220486,2023-12-28,汽车生活,745,13913,290
赛雷三分钟,350555,2023-12-28,科学科普,2387,30307,619
李白给__,216204,2023-12-28,日常,1024,27598,643
LinusTechTips,1703854,2023-12-26,数码,8035,69862,3881
特厨隋卞,458601,2023-12-28,美食侦探,1393,39257,1021
导演小策,285240,2023-12-28,搞笑,1722,18686,404
达奇上校,223915,2023-12-28,桌游棋牌,4059,21359,633
尕丶天堂,137887,2023-12-28,搞笑,1714,9415,349
央视网,102519,2023-12-28,热点,2198,8827,1860
萧枭同学,1049801,2023-12-26,搞笑,6384,106034,1965
电影最TOP,856094,2023-12-26,影视杂谈,8359,38630,2916
熊出没BoonieBears,1387283,2023-12-27,预告·资讯,28259,196676,2073
良田田田,500040,2023-12-27,时尚潮流,3310,94180,288
团宠酸奶妹,698315,2023-12-27,喵星人,3960,92341,3187
公瑾干货教学,486506,2023-12-27,电子竞技,8732,22698,1553
我在新疆养狼,265623,2023-12-27,野生动物,2550,26122,207
公孙雅量,291739,2023-12-28,电子竞技,666,14042,191
奥林匹克运动会,1652230,2023-12-25,竞技体育,5591,160792,466
papi酱,1992976,2023-12-26,搞笑,7418,221312,8194
干饭三健客,784317,2023-12-27,美食记录,3609,47899,2779
小鹿Lawrence,37635,2023-12-29,短片,1535,5191,423
一只胖头鱼o,405892,2023-12-27,鬼畜剧场,3312,28271,3109
涛哥玩配音,385075,2023-12-28,搞笑,3628,34877,2657
老番茄,3077308,2023-12-23,单机游戏,92315,297126,15680
浑元Rysn,679128,2023-12-28,演奏,4682,47832,1886
阿雪Irene,443711,2023-12-24,搞笑,3115,27460,5002
花生説,241871,2023-12-28,新能源车,1201,7208,1867
央视频,274528,2023-12-27,足球,7244,20782,4547
优趣优品官方店,2238592,2023-12-27,手工,12417,164866,5041
小灰灰大人,654278,2023-12-27,野生动物,10173,27377,2121
-欣小萌-,398940,2023-12-28,搞笑,1560,20110,155
火柴人AlanBecker,2770216,2023-12-24,短片·手书,82248,214418,8345
游戏侦查冰OL,302973,2023-12-28,网络游戏,910,10023,233
噬元兽影视,418420,2023-12-27,影视杂谈,3277,17624,6261
十七岁歌手想打中单,471036,2023-12-27,出行,6629,11888,2977
绝命墨菲,629292,2023-12-25,影视杂谈,44363,42999,3692
沝沝DjKO,120947,2023-12-29,单机游戏,1336,14676,26
4A广告提案网,434169,2023-12-26,搞笑,2987,26692,3540
本子在隔壁,83912,2023-12-28,社科·法律·心理,7048,7074,890
是一只懒洋洋,1290777,2023-12-27,小剧场,12699,68076,4953
是聪妹啊,194639,2023-12-28,短片·手书,9205,23266,396
oooooohmygosh,92701,2023-12-28,设计·创意,3000,6830,978
-显眼宝-,1848926,2023-12-27,小剧场,3697,146903,1131
周深资讯站,104488,2023-12-29,音乐现场,4065,12172,986
中国国家地理,1113856,2023-12-23,科学科普,34682,122379,17491
华晨宇工作室,88908,2023-12-28,音乐现场,9168,14336,2612
去种田的向凹凸,181864,2023-12-28,运动综合,1382,19041,253
流量卡大忽悠,473562,2023-12-25,日常,5818,16120,1821
查大本事,472676,2023-12-26,搞笑,2451,37290,322
刘三碗呢,262023,2023-12-27,亲子,1522,26109,1917
保镖的车库,494874,2023-12-27,新能源车,3474,20470,1017
老饭骨,203505,2023-12-28,美食制作,6795,13264,972
粤知一二,284803,2023-12-28,搞笑,949,21382,224
李论科学,225242,2023-12-28,科学科普,1554,9360,702
凉风Kaze,619736,2023-12-26,搞笑,5760,80673,1074
秋风诉离殇,1338990,2023-12-24,鬼畜调教,7245,94160,5068
不凉少年派,1263400,2023-12-27,搞笑,6792,100523,2640
乌市鱼宗介,1445496,2023-12-27,搞笑,28922,228429,5349
守拙君,345633,2023-12-28,电子竞技,1886,21482,717
央视新闻,1015335,2023-12-25,短片,35686,80754,16331
中国食品报融媒体,641171,2023-12-26,科学科普,14847,157335,1912
峰video,120497,2023-12-28,日常,5406,4710,1097
飞社长,186053,2023-12-28,出行,855,23835,150
段炼丶Exercise,1328271,2023-12-26,短片,13027,172205,1904
聖夜桑_,537883,2023-12-28,配音,11360,44010,3380
百鬼绘梨衣,154303,2023-12-28,手机游戏,1840,20692,448
侯绿萝,889606,2023-12-27,小剧场,9367,136700,2717
逗比寒MillerRHan,207907,2023-12-28,手机游戏,2876,19826,555
限时理想-背带侠,1331601,2023-12-24,小剧场,21326,180443,18912
噩梦D,167768,2023-12-28,动漫杂谈,1550,9458,194
人体科学,1094335,2023-12-26,科学科普,18535,183435,3614
柴知道,121438,2023-12-28,科学科普,4411,9763,811
手艺贾,302485,2023-12-28,搞笑,716,20087,126
雨琪在芬兰,709360,2023-12-27,美食记录,3662,50288,500
梦兮梦若浮生,221046,2023-12-27,桌游棋牌,3033,22680,2460
差评硬件部,146944,2023-12-28,数码,1315,9834,197
沛沛瑶呀爱吃糖呀,370145,2023-12-28,明星舞蹈,2727,12403,292
上白石萌音,162800,2023-12-28,短片·手书,2010,10031,1205
佛罗里达记录官,3887863,2023-12-23,人文历史,24306,322814,7612
610是蛋宝,113488,2023-12-28,篮球,860,6628,231
superB太,653456,2023-12-27,出行,3146,58278,2529
钟晨瑶本人来噜,618919,2023-12-26,音乐综合,5812,33740,4378
远哥逛吃-刮刮乐换饭,1587282,2023-12-24,美食侦探,27022,248040,4630
火影忍者手游情报君,626819,2023-12-27,手机游戏,956,23132,997
雪银杍,211208,2023-12-28,MMD·3D,2939,15819,2184
热爱干饭饭,1186487,2023-12-24,科学科普,22970,148609,2366
BBGG丶狮子喵,3571317,2023-12-26,电子竞技,9598,188182,3121
潮汕好男人,112423,2023-12-28,人力VOCALOID,1514,9735,408
流量卡表哥,206715,2023-12-24,数码,5037,8111,1085
王傲天的修仙日常,298313,2023-12-27,三农,3110,63547,1379
陈楚生,1596639,2023-12-23,音乐现场,36700,70483,25216
九筒笔记,673725,2023-12-22,新能源车,2490,17982,2428
电影迷小雅,430047,2023-12-27,影视杂谈,3974,15377,690
real_阿兰,199041,2023-12-27,音乐综合,1522,13020,490
贪玩歌姬小宁子,646215,2023-12-27,数码,3682,30717,695
队霸蓝战非丶,657020,2023-12-27,出行,5078,94564,1117
是个懒妈妈,782700,2023-12-25,亲子,4223,86224,5563
卡门卡卡_,489433,2023-12-26,家居房产,7545,56530,5672
Racoonamatata,153900,2023-12-27,单机游戏,1835,10072,474
海东鉴宝,518566,2023-12-26,搞笑,1071,12085,1033
乔乔和夫夫,4172405,2023-12-23,小剧场,49973,560978,25603
奶凶代码,576176,2023-12-26,计算机技术,16312,76650,1118
b阿牛小卖部,210751,2023-12-28,搞笑,722,15979,206
薄海纸鱼,125558,2023-12-28,单机游戏,1512,11325,124
中国BOY超级大猩猩,486161,2023-12-26,出行,5394,49057,467
中气爱,718880,2023-12-27,科学科普,1677,44073,5722
LV0零,260621,2023-12-25,单机游戏,3821,26754,1397
任青结,420327,2023-12-28,小剧场,2881,45829,56
小冉云中君,488218,2023-12-26,电子竞技,1224,25061,747
猛男舞团IconX,1035945,2023-12-27,舞蹈综合,3349,80140,1817
企鹅带带北极熊,380516,2023-12-27,手机游戏,1864,32006,470
沫子瞪片,787378,2023-12-26,影视杂谈,5905,50136,5790
哇塞几张,535843,2023-12-26,美食侦探,3160,37063,4738
拿拿nah,639928,2023-12-25,日常,4056,37342,642
是大腿,134997,2023-12-28,电子竞技,932,11248,271
神奇海挪,391168,2023-12-27,美食制作,3234,37016,2956
不齐舞团,835946,2023-12-27,舞蹈综合,9207,111405,1364
盗月社食遇记,1230238,2023-12-26,美食侦探,7132,93661,4932
跟你是甲烷哦,153993,2023-12-25,日常,5014,33736,883
w百合欧皇子ww,213255,2023-12-27,仿妆cos,10235,16044,437
圆桌动漫,2271631,2023-12-25,国产原创相关,72032,50091,3214
伤心欲茄222,376136,2023-12-28,搞笑,1523,52921,724
尴尬的铁根er,1079526,2023-12-26,电子竞技,1745,72134,429
肝帝董佳宁,155961,2023-12-28,社科·法律·心理,1270,13967,395
楚新钓鱼,282218,2023-12-26,短片·手书,2418,17057,246
崩坏星穹铁道,2222965,2023-12-25,手机游戏,37016,219175,28329
姜阿四,373441,2023-12-27,搞笑,1582,38410,298
咕叽ペ,334975,2023-12-27,鬼畜调教,2137,11180,2934
不会沙鹰的珏宝丶,170945,2023-12-27,网络游戏,2415,13550,372
Eve_official,372687,2023-12-24,原创音乐,37854,65410,5702
一米八的坤儿,157777,2023-12-28,网络游戏,581,13189,285
-小D-biu,319169,2023-12-27,舞蹈综合,2905,23719,373
智勇双全富贵君,509986,2023-12-27,搞笑,2702,55423,1233
何大爷课堂,391050,2023-12-27,人文历史,4177,77395,345
带床去旅行,223387,2023-12-28,出行,629,17360,199
张踩铃,586564,2023-12-27,搞笑,1201,60967,1075
极速拍档-Berlin,263207,2023-12-28,汽车生活,1231,15182,543
了不起De中国人,904539,2023-12-26,人文历史,4582,35685,462
小辰吾妮,4365053,2023-12-22,小剧场,61667,501317,10337
Van-奇,399749,2023-12-28,鬼畜剧场,5400,24955,3233
我不是透明,123721,2023-12-28,手机游戏,1629,10148,129
梦轩dada,476995,2023-12-27,手机游戏,7539,26683,2066
国电武术馆馆长,1129001,2023-12-26,电子竞技,5316,40262,716
画画的邱锦鹏,490074,2023-12-24,绘画,17464,109552,6575
杜海皇,2109622,2023-12-24,搞笑,41708,180263,2587
哎呦周饼伦,503622,2023-12-26,日常,3794,84933,1313
靖菌命,395828,2023-12-27,手机游戏,2694,29047,1736
沐家师爷董彦良,399987,2023-12-27,社科·法律·心理,21404,48076,1293
狸猫花生搬运组,569374,2023-12-25,MV,33688,46075,22727
不是宋雨晨,461577,2023-12-23,搞笑,10170,30828,9745
老大南,471835,2023-12-26,野生技能协会,4076,40809,744
子非秋月,500299,2023-12-25,配音,7886,18780,711
这知识好冷,1891402,2023-12-25,科学科普,7173,42070,8530
华农兄弟,267069,2023-12-28,日常,875,21429,313
CCCmlng,1803021,2023-12-26,小剧场,9660,185419,6070
善良的诚哥,219795,2023-12-28,搞笑,1650,25808,1571
醒醒吧张律_,1608710,2023-12-25,小剧场,32556,214639,1208
星有野,2323260,2023-12-25,短片·手书,29102,368823,7539
差评君,109993,2023-12-28,数码,1934,8797,327
梗百科,1055547,2023-12-25,搞笑,11617,42202,605
king金鑫-音乐制作,2195895,2023-12-23,翻唱,75502,177495,50082
小郭美食日记,518349,2023-12-26,美食记录,7070,26304,492
一张照片LOL,182789,2023-12-27,电子竞技,1912,7606,450
大聪看电影,95546,2023-12-28,影视杂谈,1585,6590,667
央视农业,742555,2023-12-26,三农,5204,154503,1433
进击的金厂长,276647,2023-12-27,综合,3533,37673,767
十五的月亮廿九圆,3606037,2023-12-22,演奏,56810,460630,30253
D蚱蜢,426514,2023-12-26,电子竞技,1508,33043,2667
鲤鱼Ace,1950785,2023-12-25,单机游戏,59962,31657,740
真探高文麒,45803,2023-12-28,美食侦探,1085,4486,308
联盟勘探员,230024,2023-12-26,电子竞技,1104,29251,229
周三拾,2007658,2023-12-25,短片,6242,130346,834
蜜蜂天使king,244730,2023-12-27,电子竞技,944,24571,1952
峰哥亡命天涯,284771,2023-12-25,综艺,1240,9866,443
球球特别大,772132,2023-12-27,鬼畜调教,6112,46808,1882
懒鬼随心所欲,183909,2023-12-27,手机游戏,1368,19225,322
吃不饱仨战士,729995,2023-11-29,美食侦探,2132,68038,3321
山口煮煮,917463,2023-12-26,短片,15827,135313,2871
迂磨二公子,497354,2023-12-27,搞笑,1081,53213,265
矮油王老六,806858,2023-12-27,搞笑,3765,94507,2269
月朗脑洞大,3485380,2023-12-24,极客DIY,59926,276699,4748
冲男阿凉,1226206,2023-12-25,网络游戏,11970,86101,4707
我是李飞啊,2321268,2023-12-26,小剧场,9219,161791,3656
血小板゚゚゚゚゚゚,271577,2023-12-27,手机游戏,2199,5370,187
阿哲什么都会,145785,2023-12-28,搞笑,867,20718,1642
吟游诗人基德,350882,2023-12-27,科学科普,4731,26621,780
逻辑猫快乐柠檬,250194,2023-12-26,喵星人,4876,56218,598
锌之助吖,318309,2023-12-28,短片·手书,5850,51710,850
刘老师说电影,2003562,2023-12-24,影视杂谈,12316,114104,8797
Iam小方,133726,2023-12-28,日常,746,12096,151
虎牙青年Plus,2710766,2023-12-22,出行,37230,133508,6601
EdmundDZhang,149111,2023-12-28,单机游戏,2310,12777,180
随风阿狸,459448,2023-12-25,网络游戏,1640,46979,672
cheems日记,1613360,2023-12-26,搞笑,16914,234962,4124
业余球探刀先生,103932,2023-12-28,篮球,847,7762,228
水星逛博物馆,2667114,2023-12-22,人文历史,10973,132733,1050
粤知一二,3272787,2023-12-24,搞笑,23092,249623,2849
丸子大人_网汇鹅,2329229,2023-12-25,设计·创意,18036,58742,1161
小小赖狗,116440,2023-12-28,国产原创相关,1095,16468,121
红警HBK08,293462,2023-12-28,单机游戏,630,17810,159
TheRock_Johnson,1517735,2023-12-27,日常,5484,109259,4691
拔旗,215117,2023-12-28,短片·手书,2377,26138,171
医学科普联盟,1849077,2023-12-23,科学科普,32464,129856,2492
艾桑碧夏,290850,2023-12-23,日常,12303,58354,8291
落英行者,96467,2023-12-28,科工机械,1931,6772,326
毕导,638658,2023-12-26,科学科普,8940,51422,3106
临时工小陈,1588638,2023-12-26,小剧场,5205,172390,5677
远坂塔尔,987809,2023-12-23,人力VOCALOID,14038,58554,7075
他叫阿园,1210218,2023-12-24,出行,24242,290330,1311
纪录片解说传奇,566353,2023-12-25,日常,3579,69867,175
硬核的半佛仙人,1113985,2023-12-26,财经商业,6114,69926,3241
好人好食,262129,2023-12-27,美食侦探,3069,18658,1793
默剧小白,1338091,2023-12-24,短片,21135,167551,4468
故事厨房,1406942,2023-12-25,短片,7575,97993,3019
中国反诈骗联盟,518414,2023-12-27,社科·法律·心理,3409,73523,437
脱缰凯Kk,1986818,2023-12-25,小剧场,15792,173945,1605
X调查,615571,2023-12-26,人文历史,5784,28260,1471
崩坏星穹铁道,831725,2023-12-27,手机游戏,8903,91332,3303
是莫叔叔吗,150213,2023-12-28,搞笑,1262,20515,2675
嘞是唐孃孃,939205,2023-12-27,搞笑,4085,85628,824
佐悠-Leisurely,1406051,2023-12-23,电子竞技,12347,115332,1764
段炼丶Exercise,2521211,2023-12-23,短片,13548,276457,4155
骨灰玩家陈二狗,1210063,2023-12-23,单机游戏,16745,34047,1711
100个中国女孩的家,48285,2023-12-28,综艺,1959,3158,955
宠医张政,566184,2023-12-27,汪星人,5054,89975,109
逍遥v浪迹峡谷,543396,2023-12-26,电子竞技,1927,36094,735
TF家族,819946,2023-12-26,明星综合,9088,37781,1430
Echo手机摄影,411127,2023-12-26,日常,23652,28333,1917
方芳的快乐生活,550200,2023-12-27,美食侦探,1894,35794,920
工地润土,1297029,2023-12-26,职业职场,2783,75340,3952
洛洛的动画笔记,3387193,2023-12-23,绘画,27088,116677,1101
影流之主1,552448,2023-12-27,日常,2988,70662,665
利维坦mY,746782,2023-12-26,动漫杂谈,9685,31414,930
思维实验室,2345730,2023-12-22,人文历史,51335,127786,12648
导游周小冰,314272,2023-12-27,出行,2449,19523,519
咝小喵MAO,103933,2023-12-27,舞蹈综合,3779,6118,200
西班牙陈挺,866250,2023-12-26,美食记录,2776,57992,143
贝加尔阿楠,163458,2023-12-28,日常,591,13081,177
努力的Lorre,1002756,2023-12-26,影视杂谈,2766,51148,2492
劳拉的枕头,48317,2023-12-28,日常,2585,3915,34
上班族的便当,391286,2023-12-22,美食制作,2587,18722,258
叫我jk就好了,55282,2023-12-28,综合,1224,3088,1558
蚊子-学做美食,387223,2023-12-26,美食制作,6307,58571,831
茶米茶米Charmmy,871206,2023-12-24,校园学习,11222,85202,1660
老陈说洗护,553926,2023-12-27,日常,8929,20812,1152
姜Dora在此,471676,2023-12-24,职业职场,36691,28750,5737
周周啊,2124341,2023-12-25,搞笑,7157,90244,2909
88pyzc泡影,961813,2023-12-23,VOCALOID·UTAU,52267,94324,8255
巅峰球迷汇,76083,2023-12-28,足球,548,8553,134
上将王司徒,662596,2023-12-26,科学科普,5894,78739,391
大地瓜老弟,173308,2023-12-24,综合,7020,31613,1948
俏佳人xxx,349838,2023-12-27,社科·法律·心理,779,33168,148
老剧回忆录,417501,2023-12-25,影视剪辑,2296,20486,803
怪萌侠,795740,2023-12-24,鬼畜剧场,4161,40308,2897
江南剑痴,4199467,2023-12-22,手工,23635,312239,6537
陈胖今天买了啥,343143,2023-12-25,搞笑,3678,45791,3920
女孩为何穿短裙,557766,2023-12-27,鬼畜调教,2289,40878,725
秃草是真的,1119589,2023-12-22,美食测评,2008,20038,261
糖匠大老李,751554,2023-12-25,日常,9593,91302,3535
原神,526254,2023-12-27,手机游戏,11421,69263,2510
JoeCreator,421371,2023-12-26,日常,1978,38416,436
海潮有点潮,160169,2023-12-27,美食测评,1301,25342,19
折纸sama丶,139604,2023-12-28,网络游戏,3175,9012,1123
胖龙的小生活,1075737,2023-12-26,美食记录,4598,123144,578
黄老板0824,512910,2023-12-22,搞笑,13305,52499,4853
叶虎,54894,2023-12-28,亲子,959,8940,188
chuhooLee秋豪,726720,2023-12-25,搞笑,7752,38016,538
君在西安,338692,2023-12-27,美食侦探,1009,21340,905
巡游轨迹,892850,2023-12-26,出行,10162,54666,4088
金大迪_,169467,2023-12-27,美妆护肤,14012,14275,1023
叨叨傅吐槽秀,265632,2023-12-28,搞笑,652,20247,787
何大爷课堂,1097231,2023-12-25,人文历史,12337,192032,555
游戏玩家三井,372810,2023-12-25,单机游戏,14319,22374,4210
我是野农,122758,2023-12-28,田园美食,634,13974,175
夏叔厨房,197339,2023-12-28,美食制作,9052,23347,517
西洋跳棋脸,776327,2023-12-26,手办·模玩,8383,132358,4376
终极小腾,290034,2023-12-27,汽车生活,564,11451,146
赛博食录,438779,2023-12-27,科学科普,3940,22949,2069
卷卷吃饱了了,510303,2023-12-26,街舞,19894,92512,2767
食影双修,17467,2023-12-27,影视杂谈,663,2633,73
乌鸦预告片,541067,2023-12-27,预告·资讯,5287,24827,5973
章余飞不是章鱼飞,242821,2023-12-27,美食侦探,1539,13286,1099
柳夜熙,472546,2023-12-26,小剧场,9413,65331,2602
玛莎有起床气Zzz,239479,2023-12-27,手机游戏,3797,13598,1493
小鱼陪拉片,24894,2023-12-27,影视杂谈,735,2290,203
Alice-然,989658,2023-12-24,搞笑,10337,138060,8925
APA奥特怕,94535,2023-12-24,手机游戏,1636,8041,571
龙大人不喷火,894261,2023-12-22,人力VOCALOID,26511,97226,3406
拉美小姐姐Waleska,328460,2023-12-26,乐评盘点,754,11889,90
尸菌菌qwq,459436,2023-12-27,仿妆cos,27738,83701,1168
闲D嘞,191254,2023-12-27,美食制作,1481,17938,127
咕嘿君,653733,2023-12-27,手机游戏,8728,85702,5676
璐璐咔小猪头,449761,2023-12-27,手机游戏,15723,13370,1520
大青蛙哈哈_,921355,2023-12-24,搞笑,12953,112748,11633
周星星-香肠派对,2455068,2023-12-22,小剧场,38232,350320,4424
夜与白鲸,307899,2023-12-28,动漫杂谈,929,11002,866
鬼叔黍,180317,2023-12-28,手机游戏,859,13042,407
巨爱吃的周黑鸭,330125,2023-12-27,美食记录,1827,31736,692
阿特警官,1752496,2023-12-25,日常,3335,65992,720
咸鱼小汉堡,547181,2023-12-26,影视剪辑,2330,36293,4489
克里米亚野生动物园,244762,2023-12-26,野生动物,923,14388,241
小林学长sen,1234335,2023-12-24,日常,11368,172516,3401
央视新闻,190515,2023-12-26,科工机械,1164,19696,1020
绘纸漫画,126641,2023-12-17,国产原创相关,8351,4515,428
项真爽,1131634,2023-12-25,搞笑,11255,81995,802
冲呀饼干人王国,860815,2023-12-27,手机游戏,2579,44043,318
CCheny6,2641701,2023-12-22,网络游戏,26085,55164,1913
影视飓风,771251,2023-12-26,数码,10186,109219,1851
咻咻崽汁,478759,2023-12-27,喵星人,8839,82894,4390
瓶子君152,1655564,2023-12-24,动漫杂谈,22522,115020,14792
废材者联盟,58130,2023-12-28,单机游戏,955,7185,82
Junior杰青,75598,2023-12-28,单机游戏,710,5525,77
普阿山,603569,2023-12-26,翻唱,13973,100183,1861
大瑶同学remix,821178,2023-12-26,搞笑,3504,126886,2562
ulu秋名山,881406,2023-12-26,手机游戏,3910,56721,976
魔界造物,1494100,2023-12-22,极客DIY,34400,169855,7909
SexyHomework,389739,2023-12-23,网络游戏,8400,63194,745
大肉嘎,644365,2023-12-25,翻唱,20328,26772,3032
夏不语冰-老夏,430237,2023-12-27,手机游戏,2613,14130,633
Sky-艺术收藏家,451110,2023-12-27,绘画,17872,80109,13697
M木糖M,1258558,2023-12-24,单机游戏,13880,115265,8387
猫后生,3204375,2023-12-22,动物二创,36957,236412,45021
大嘴儿美食挠儿哥,643740,2023-12-26,美食制作,1283,41734,250
弓手冬郎,79894,2023-12-28,人文历史,952,7007,134
非洲飞哥,233309,2023-12-28,日常,572,17008,92
拟音师王磊,3578619,2023-12-22,国产原创相关,26143,318923,1820
老实点水跃鱼,833389,2023-12-25,单机游戏,7254,55749,855
柳川猫不是人,566058,2023-12-26,短片·手书,22494,89997,1490
-超级小能猫-,453406,2023-12-26,搞笑,7251,49463,686
电影冷知识,338131,2023-12-27,影视杂谈,2997,38217,209
极速拍档-小乔,594113,2023-12-26,新能源车,2693,28280,4469
羽羊朩夂一,935527,2023-12-24,短片·手书,40101,83861,2286
对话中的暂停,469689,2023-12-26,短片,8438,93245,3422
律师老韩,583811,2023-12-24,社科·法律·心理,1962,22829,751
棍小欢,1252899,2023-12-25,运动综合,8061,149049,402
笔吧评测室,313099,2023-12-27,数码,1339,11955,1090
任青结,563325,2023-12-27,小剧场,3143,58093,38
野生大肥扬,113506,2023-12-28,搞笑,868,10724,276
Chubbyemu,1882177,2023-12-22,科学科普,16262,98204,7743
盐鱼料理长,56647,2023-12-28,美食制作,1936,7722,436
五月妈和院里的小流浪,1239855,2023-12-23,喵星人,13185,205507,1933
hj的第三世界,398818,2023-12-24,出行,6593,58502,1643
老穆棍,94449,2023-12-28,短片·手书,1369,9479,249
哎呦周饼伦,1013938,2023-12-25,日常,3702,178092,467
猫沢涂鱼,877441,2023-12-22,特摄,28434,114402,16387
顾_白,1553369,2023-12-25,日常,8350,121929,7972
阳光男孩小丑熊,803806,2023-12-26,电子竞技,2111,72806,1263
林凡Gg,1095648,2023-12-24,单机游戏,61207,40367,586
娜塔莎一家,179484,2023-12-28,出行,591,13939,73
鱼肉肉pabo,208859,2023-12-27,宅舞,7962,58211,574
戴萌兔,118159,2023-12-27,手办·模玩,1734,11547,618
大土Dou,442665,2023-12-25,手办·模玩,5709,37511,2848
骚拳超人,337526,2023-12-27,搞笑,1118,19006,715
尴尬的铁根er,3194112,2023-12-22,电子竞技,6078,135162,563
Uncle邓不馋,232402,2023-12-26,美食记录,2018,29750,1157
主持人欧文浩,2896924,2023-12-24,小剧场,12562,260986,4357
车的发布会官方,307675,2023-12-27,新能源车,753,18421,803
锤子game,214343,2023-12-28,网络游戏,1328,14170,761
b阿牛小卖部,281087,2023-12-27,搞笑,917,19899,357
小阳陪你写论文,910547,2023-12-25,校园学习,58698,45562,1870
派蒙科普,310527,2023-12-25,科学科普,8155,44497,1595
逍遥v浪迹峡谷,712366,2023-12-24,电子竞技,2080,41942,885
美若冰冰QvQ,306669,2023-12-27,日常,1125,13173,475
汤圆和二宝,775898,2023-12-26,喵星人,11219,105103,11116
婆婆不会玩上单,518862,2023-12-26,电子竞技,2069,37199,1400
汤木檀泽,966061,2023-12-22,日常,9296,102994,1143
火兰朋克,750074,2023-12-26,电子竞技,4076,38859,4241
海铭爱美丽,253866,2023-12-28,搞笑,1424,41559,252
么么小茜茜,547292,2023-12-27,日常,4288,21721,213
川子12138,709547,2023-12-26,小剧场,6793,74128,9837
木歌总攻大人,322270,2023-12-27,单机游戏,6213,13994,2234
籽岷,150191,2023-12-27,单机游戏,2518,21819,460
nor叔,45419,2023-12-27,单机游戏,640,5308,51
在下乌鸦有何贵干,289603,2023-12-26,单机游戏,1261,17440,341
俄罗斯虎,1010831,2023-12-26,健身,4540,95597,584
天师张品漫,651866,2023-12-27,动漫杂谈,1579,20506,2383
了in林,315583,2023-12-26,美食记录,4077,18229,2206
善良的诚哥,529929,2023-12-26,搞笑,6241,63240,8659
猫崽君不是猫,329470,2023-12-24,翻唱,19673,44297,2013
人民日报,548237,2023-12-22,热点,18280,48732,6785
最后一只渡渡鸟,556539,2023-12-24,电子竞技,1358,26344,411
小爱同学装机馆,2534303,2023-12-23,数码,9366,172051,5182
真子日记,1370550,2023-12-25,搞笑,3986,132249,2854
绵绵の小铺,1736032,2023-12-22,穿搭,34237,116067,4189
隋卞做,729310,2023-12-21,美食制作,19506,45269,3890
格斗新视界,1132889,2023-12-26,运动综合,23432,84029,2946
深白的幻想森林,766552,2023-12-19,短片·手书,40084,57417,8711
去看星星__,138285,2023-12-26,出行,7943,34488,786
美丽浙江,513020,2023-12-25,人文历史,9136,56719,2283
哔哩哔哩晚会,215819,2023-12-27,音乐综合,2065,13622,1199
死歌之神,2412566,2023-12-25,电子竞技,6515,92221,4025
Royce大小姐,211371,2023-12-27,手机游戏,2304,19941,173
胖龙的小生活,599069,2023-12-27,美食记录,967,24364,708
大渣熊,55677,2023-12-28,绘画,540,8492,132
三代鹿人,389372,2023-12-27,影视杂谈,2161,23632,1860
球球是只猫-,409791,2023-12-27,喵星人,7109,46539,10916
OK哥环球探海记,123320,2023-12-28,出行,623,11461,177
螃蟹账号,380789,2023-12-26,网络游戏,1515,19789,484
熊出没BoonieBears,390417,2023-12-27,预告·资讯,5870,30697,3995
时尚美杜莎,1571319,2023-12-23,时尚潮流,54898,106164,388
唐僧说电影,366634,2023-12-26,影视杂谈,3659,29763,640
棉白有点笨,1826685,2023-12-21,搞笑,34272,86177,2592
太好磕了鸭,89808,2023-12-27,日常,1238,9239,374
沙盘上的战争,75029,2023-12-28,人文历史,1251,8880,259
火影忍者手游情报君,1245575,2023-12-26,手机游戏,1694,41584,8367
懒鬼随心所欲,429351,2023-12-25,手机游戏,3709,35175,1839
哒哒Ray,281786,2023-12-26,动物综合,9887,56346,984
瑶生Y,1062076,2023-12-24,搞笑,13554,137827,9096
雷庆瑶Venus,1211209,2023-12-23,美妆护肤,10886,242875,6179
吹散z,143133,2023-12-27,手机游戏,1383,18318,220
红斌-调酒的아저씨,984184,2023-12-23,美食制作,5119,109499,1255
皮肤科医生张武,1090806,2023-12-20,科学科普,15822,40208,4079
HOLA小测佬,2637821,2023-12-22,美食侦探,25424,120284,13061
wrizedm,428500,2023-12-23,影视剪辑,5791,22981,281
钱喵喵日常,2073628,2023-12-24,喵星人,13481,126940,8581
犀利有话说,1235104,2023-12-10,搞笑,15844,93747,792
路先生美食集,664969,2023-12-23,美食制作,34573,91332,4720
初一怎么肥事,2581999,2023-12-23,汪星人,25623,369727,11060
乌龙茶杯桑,543448,2023-12-23,动漫杂谈,33980,48862,1868
高彩萍和乔老爷,542468,2023-12-25,美食制作,2725,61350,213
浣熊game,810408,2023-12-22,单机游戏,7427,43263,563
飞飞的车COOL,708606,2023-12-26,汽车生活,3698,55993,2819
青柳尊哉,71750,2023-12-28,明星综合,923,11234,130
新世代爱迪,2233394,2023-12-23,日常,35922,70353,5436
御坂lol,1238239,2023-12-24,电子竞技,8776,60553,10006
鹏鹏和丁满哟,2509586,2023-12-26,小剧场,2529,48229,2104
梦轩dada,203010,2023-12-27,手机游戏,1668,9733,604
-九月Sept-,214071,2023-12-24,演奏,8676,15710,1252
一叮当猫一,465382,2023-12-26,手机游戏,2239,28227,254
世界美食official,660122,2023-12-24,美食侦探,3809,65607,2917
平头哥_猛兽狂欢,790594,2023-12-27,短片·手书,4492,66682,573
闫帅奇,946503,2023-12-22,日常,6650,35109,2540
你的影月月,186134,2023-12-27,手机游戏,2095,10324,153
隆历奇,209936,2023-12-25,原创音乐,9609,23401,1782
鹿火CAVY,520724,2023-12-24,翻唱,11764,41978,1779
宠医张政,1943846,2023-12-23,喵星人,8623,209231,658
擎天小猪parkjoy,961895,2023-12-25,日常,14580,142265,11758
小约翰可汗,949545,2023-12-28,人文历史,20963,105572,3517
济公爷爷_游本昌,1506954,2023-12-28,预告·资讯,44216,214646,9670
凤凰传奇,532377,2023-12-28,原创音乐,6394,33951,9202
哔哩哔哩纪录片,1167089,2023-12-27,人文·历史,1507,4743,518
华为终端,713487,2023-12-26,数码,992,6867,456
叔贵,1628445,2023-12-28,健身,15202,39379,1963
手工耿,1982188,2023-12-28,极客DIY,8552,155437,2643
绵羊料理,2054322,2023-12-28,美食制作,12725,144188,1514
papi酱,1359678,2023-12-28,搞笑,11059,195320,12157
哔哩哔哩晚会,244460,2023-12-25,音乐综合,74,8244,657
闲人1943,1706221,2023-12-27,鬼畜剧场,22097,92488,25671
叛逆少女刘开心,1304783,2023-12-26,出行,30504,233211,4250
三宋在这,1848188,2023-12-26,日常,81351,204818,57568
绝区零,249002,2023-12-28,手机游戏,5927,44129,2773
王左导演,360154,2023-12-27,人文历史,2259,25432,562
啾啾学英语,1272378,2023-12-27,搞笑,15119,82055,6698
可大师,291057,2023-12-27,鬼畜调教,7517,35301,1652
沙雕动画潇洒哥,711802,2023-12-27,短片·手书,45107,59879,5061
小约翰可汗,1558061,2023-12-26,人文历史,24481,140880,6010
非正式会谈,396249,2023-12-27,综艺,234,2863,42
无穷小亮的科普日常,3232409,2023-12-26,科学科普,28268,387819,15403
崩坏星穹铁道,289576,2023-12-28,手机游戏,3030,38015,1018
央视新闻,417610,2023-12-28,综合,8245,77341,3986
永琪吗,1122897,2023-12-28,搞笑,1547,68109,323
逍遥散人,1479870,2023-12-28,日常,4427,65348,1206
淘宝,1019280,2023-12-26,搞笑,5747,54764,9934
D深情秋刀鱼,635286,2023-12-28,电子竞技,6913,88859,3557
央视新闻,1225959,2023-12-28,野生动物,6474,69403,10604
芦苇十三少,299238,2023-12-28,短片·手书,4675,35347,892
中国食品报融媒体,1304935,2023-12-27,科学科普,11846,108521,10904
纪录片解说传奇,3485410,2023-12-26,日常,41634,476370,1554
一条视频,196876,2023-12-28,日常,4800,14535,1793
百万剪辑狮,1357826,2023-12-25,影视剪辑,79423,160617,37682
大力滴滴滴,1685032,2023-12-25,翻唱,72817,150964,45637
她会做饭,909372,2023-12-27,美食制作,11314,78367,2002
绫河001,197363,2023-12-28,手机游戏,4673,44016,216
卑鄙的老曹,849508,2023-12-28,日常,3202,38779,5358
ssi小许,1342701,2023-12-28,搞笑,7606,136991,8187
Tiger西西,713966,2023-12-28,美食制作,4519,93954,689
短腿小萝卜_babycarrot,999574,2023-12-27,健身,4251,68374,1341
