序号,股票代码,股票简称,最新价,涨跌幅(%),PE(TTM),PE(静),市净率,PEG值,市销率,市现率,所属行业,收益,ROE,同比,净资产,总股本,净利率,总营收,流通股,负债率,净利润,PE(动),总值,毛利率,流值,每股未分配利润
1,000001,平安银行,13.03,-0.837138508371,5.76514168,6.95891441,0.71139746,0.220969601482,1.40120756,9.88001071,银行,1.889062894,10.15,25.824609576111,18.316062,19405918198.0,26.5135789969,138265000000.0,19405546950.0,91.8118746912,36659000000.0,5.24,256352179395.58002,0.0,256347275209.50003,9.464844596682
2,000002,万科A,18.16,-2.260495156082,9.22908467,9.37725852,0.87601656,-0.343425817984,0.40697436,-164.72304087,房地产开发,1.465982955,7.12,2.166876128244,20.7302017,11630709471.0,8.0683313945,337673241644.89,9717360740.0,77.8476951452,17050421834.82,9.34,212376754940.46002,19.6293067753,177439007112.40002,8.466572422555
3,000004,ST国华,9.56,0.104712041885,-2.1180899,-2.4946155,1.42555728,-0.000191751507,6.1366614,68.77834275,软件开发,-0.427297693,-6.17,-268.261233270537,6.7061493,132848008.0,-68.5912378662,84225020.29,116328474.0,15.4579379508,-56765647.34,-16.8,1271355436.56,48.0997503123,1113263496.18,-3.666504987188
4,000005,ST星源,1.85,-0.537634408602,-43.37799968,14.08471758,1.41569128,0.380309248445,7.36570887,5.66988086,环保行业,0.009514171,0.73,-94.815463636624,1.3067821,1058536842.0,4.2616837238,174269707.97,1057946242.0,37.2070204391,10071101.03,147.41,1979463894.5400002,13.1464448508,1978359472.5400002,-0.360673853457
5,000006,深振业A,6.13,-9.985315712188,45.78392619,15.27712775,1.07707039,-2.073325862745,3.63726115,7.67903828,房地产开发,0.148951205,2.61,-64.221501434568,5.6913643,1349995046.0,14.489796769,1488893110.58,1349995046.0,68.7053948985,201083388.86,32.02,8585968492.56,40.0348943362,8585968492.56,2.769164424423
6,000007,全新好,7.78,-0.765306122449,80.82262735,67.43375986,29.1766049,-1.216215609327,10.03459614,46.40070119,房地产服务,-0.025785628,-9.22,-286.398724434149,0.266652,346448044.0,-5.9894734561,193908164.8,308948044.0,76.2970774854,-8933380.24,-224.54,2674578899.68,14.1555500297,2385078899.68,-1.0378088242
7,000008,神州高铁,2.29,-0.865800865801,-4.32918667,-4.56696051,1.26540687,0.041732296379,3.0050556,7.18456423,交运设备,-0.062982016,-3.34,-77.705036657671,1.8096946,2780795346.0,-18.125414564299998,947116269.21,2694491711.0,56.6739566613,-175140095.63,-27.51,6423637249.26,38.1766130173,6224275852.41,-0.130637457597
8,000009,中国宝安,11.98,-0.580912863071,43.00090076,29.83681971,3.5924701,0.759103282141,1.10722402,-72.94041309,综合行业,0.223143947,6.9,-35.519169036418,3.3347529,2579213965.0,6.934222601999999,22507166227.9,2551430324.0,63.6622073631,575535984.92,40.43,31027943998.949997,20.8248335289,30693706797.719997,1.641044728614
9,000010,美丽生态,3.62,-3.723404255319,-3194.01945676,163.37103683,3.09357894,117.439079719563,3.04218708,-7.55661138,工程建设,-0.002844412,-0.43,-113.911075299459,1.1701657,1058692292.0,-0.9664930437999999,559391155.94,522171273.0,64.3866587242,-3011357.42,-983.51,3948922249.16,14.636557148,1947698848.29,-1.696950028319
10,000011,深物业A,11.47,-4.892205638474,9.97803458,6.80885012,1.58040545,0.533558180226,1.63551434,-5.09331367,房地产开发,0.764700018,10.35,-41.165484813124,7.2576313,595979092.0,14.137660104800002,3140295994.52,526475543.0,70.7921877671,455745222.66,11.33,6883558512.6,49.9512455835,6080792521.650001,6.088109151386
11,000012,南玻A,6.66,-1.479289940828,12.24579892,13.37240409,1.63940357,0.12999184755,1.44162222,7.088166,玻璃玻纤,0.537510111,13.81,9.318743193397,4.062453,3070692107.0,15.3541012736,10803775346.0,1956774751.0,47.7165716799,1650528056.0,9.32,20512223274.76,28.7885888904,13071255336.68,2.438205066191
12,000014,沙河股份,10.14,-4.878048780488,9.75505364,69.28584746,2.22515983,-0.015756719065,2.48351638,62.49946064,房地产开发,0.764391791,18.21,693.844427144575,4.556976,242046224.0,49.729531972000004,370864513.01,242046224.0,57.1759023947,185018146.68,10.04,2476132871.52,35.8357980928,2476132871.52,2.556164500546
13,000016,深康佳A,4.5,-1.531728665208,9.28257478,11.96854085,1.17126876,-0.030239082058,0.25752947,4.96280205,家电行业,0.056309717,1.48,207.28952830313,3.8419876,2407945408.0,0.054167693100000004,24596016642.07,1596567800.0,73.6902478439,135590724.52,60.07,10859833790.08,2.5242078904,7200520778.0,2.177911602828
14,000017,深中华A,4.71,3.74449339207,-1195.09140436,-1633.90183009,320.42924511,-1.830172901441,14.04210962,515.19546555,交运设备,0.001758329,12.72,-37.576631178268,0.4337842,689184933.0,1.4636600657999999,149163326.31,302981008.0,74.2644061916,1211813.81,2051.66,3314979527.7299995,7.4126690679,1457338648.4799998,-1.743690354139
15,000019,深粮控股,7.38,-2.251655629139,18.89480867,19.83976882,1.82504516,2.958396882381,0.95033488,7.9469869,贸易行业,0.276251413,6.87,7.220442924574,4.0437356,1152535254.0,5.0070293777,6365018079.81,416184832.0,38.7967799946,318389492.98,20.23,8586387642.3,12.5584110345,3100576998.4,1.59890760335
16,000020,深华发A,8.86,-1.664816870144,329.51512187,348.35359663,7.12779522,84.846357531725,3.69093605,27.94817383,光学光电子,0.030105628,2.45,5.0749935878,1.2430211,283161227.0,1.6468391039,517642945.8,181165391.0,42.6414191001,8524746.45,220.97,2511640083.49,11.6720379849,1606937018.1699998,-0.547939446491
17,000021,深科技,10.65,-0.467289719626,19.93094945,21.4345926,1.61338046,-2.501621380605,1.02388077,9.38590541,消费电子,0.368689561,5.67,11.317594803274,6.6010468,1560587588.0,4.8367483204,12012026889.69,1559998402.0,58.1571946206,575372352.42,21.83,16745104819.24,11.2449561456,16738782853.460001,3.17393465713
18,000023,深天地A,12.78,3.147699757869,-13.11538763,-33.43695954,5.5992113,0.006459158581,2.72603446,20.97896208,水泥建材,-0.66923031,-25.43,-768.970394061349,2.2824643,138756240.0,-34.1052179482,292285284.15,138752021.0,75.2159372138,-92859881.49,-15.01,1857946053.6000001,-11.4166522776,1857889561.19,0.189906676485
19,000025,特力A,17.04,-1.50289017341,59.64344586,56.06160067,4.94875032,0.314938950472,9.24453988,-136.32909462,汽车服务,0.144104864,4.25,-11.24276898559,3.4432935,431058320.0,9.108226027,672218538.92,392778320.0,20.9374509018,62117600.47,89.26,7392650187.999999,13.8730456794,6736148187.999999,1.380740201395
20,000026,飞亚达,10.19,-2.394636015326,15.47151196,10.97263255,1.37753252,0.528151142123,0.93646177,7.34210209,珠宝首饰,0.550253806,7.53,-32.920260102608,7.3972845,417627960.0,6.787943563100001,3385434370.84,359463953.0,24.6127314469,229801374.46,14.04,4301567988.0,36.8394026531,3702478715.9,3.454813133584
21,000027,深圳能源,6.11,0.328407224959,30.70227353,13.65629049,1.03094224,-0.811783742595,0.78720247,4.1368299,电力行业,0.373253359,4.96,-39.958423280243,5.9266172,4757389916.0,7.6184860938000005,26787664020.8,4757389916.0,62.3073446943,1775711766.59,12.28,29067652386.760002,17.61831088,29067652386.760002,2.827657640741
22,000028,国药一致,33.63,2.56175663312,10.99147118,10.7734297,0.91613881,-2.603917173749,0.19786982,6.27931704,医药商业,2.447040606,6.84,-2.468094071891,36.708411,428126983.0,2.2336522671999997,54616766496.72,367733625.0,60.0794190842,1047644112.13,10.09,14093940280.36,11.4871452584,12105790935.0,24.945494254306
23,000029,深深房A,13.64,-2.011494252874,75.64540426,62.4853875,3.47804687,-3.652205736675,15.67216575,-24.9770563,房地产开发,0.123678866,3.17,-23.49204799228,3.9217413,1011660000.0,23.1186036748,526354062.13,891660000.0,24.7756675115,125120961.59,82.96,13839508800.0,30.3738726824,12197908800.0,1.698857538926
24,000030,富奥股份,4.37,-1.131221719457,16.19866044,9.40304567,1.09026788,-2.467016322824,0.62152545,6.36879631,汽车零部件,0.160908747,3.94,-54.785214338645,4.0081892,1810552111.0,2.7340750143,9253887891.54,1761118487.0,45.8798212094,291333671.56,20.46,7948323767.289999,7.5350749351,7731310157.929999,2.490751057979
25,000031,大悦城,3.75,-3.350515463918,-17.50021674,149.50839604,0.87431517,0.038925547161,0.35448535,6.0792136,房地产开发,0.021148577,0.49,-91.881975592603,4.2890712,4286313339.0,4.5762318645,24857978647.65,4002887169.0,76.1182350637,90649428.52,134.05,16202264421.42,27.8484507946,15130913498.82,1.067561724096
26,000032,深桑达A,20.15,0.75,-120.85541289,63.30165113,4.2961629,-0.138993585395,0.47850147,25.23959344,通信设备,-0.480578957,-9.61,-10860.0437237155,4.6902318,1137959234.0,0.0333095074,33141670479.36,644763811.0,80.5713080877,-546879262.07,-31.51,22975396934.460003,10.4665292615,13017781344.09,0.637672351231
27,000034,神州数码,21.86,1.911421911422,16.79282407,61.37039523,2.07726217,-0.31499508323,0.12088577,17.36544295,计算机设备,1.018810516,10.11,1290.64325490116,10.6745174,668429420.0,0.8328161707999999,84499058554.25,548219252.0,79.8147634283,681002922.16,16.31,14805711653.0,3.9592262604,12143056431.8,3.626436603568
28,000035,中国天楹,5.06,-1.364522417154,40.49698239,17.51794227,1.23715197,3.353436840205,1.78752472,32.97819816,环保行业,0.049826391,1.18,-76.686737605682,4.0900392,2523777297.0,3.3717351059,3866664820.83,2453345376.0,58.9511804752,125750715.53,76.47,12820788668.76,19.0042891629,12462994510.08,1.165212724425
29,000036,华联控股,4.04,-1.703163017032,18.78928926,14.75478141,1.21318377,-0.314009274729,3.84718144,30.33235197,房地产开发,0.048611081,1.44,-54.740186806374,3.3300808,1483934025.0,17.718612534200002,502089315.11,1479675252.0,33.3923125751,72135637.26,62.95,6054450822.0,50.697705442,6037075028.16,1.828646792326
30,000037,深南电A,7.8,-3.105590062112,-8.73954158,-10.69874167,3.19243923,0.002735664348,6.7738787,51.91265267,电力行业,-0.236543657,-9.23,-223.562431895757,2.4432728,602762596.0,-30.5299688566,526047208.84,338895156.0,50.2851228554,-142579668.91,-25.21,4791962638.2,-19.9441215345,2694216490.2000003,0.293268945474
31,000038,*ST大通,4.14,0.975609756098,-13.30096521,-3.43388429,0.91187034,0.008284421133,1.04099649,-25.47248162,文化传媒,0.254088629,5.76,139.683519389744,4.5401192,522777419.0,7.0505398009,1698912190.3,250597406.0,14.4522047191,132831797.48,12.4,2195665159.8,10.4519454516,1052509105.2,-4.902089681211
32,000039,中集集团,6.93,-1.5625,37.98804177,5.60665496,0.82090625,3.117096535508,0.24174234,2.75717079,通用设备,0.5781343,6.77,-64.569450661874,8.4418896,5392520385.0,3.8429545415,109133089000.0,2301407142.0,60.6429724137,3117601000.0,9.04,37585867083.45,15.5382534806,16040807779.74,5.975800126716
33,000040,东旭蓝天,3.64,-2.150537634409,-9.35491825,-9.1689682,0.47400038,-0.376092137719,1.42548602,16.74746302,电力行业,-0.112679441,-1.46,6.544794731432,7.6793187,1486873870.0,-6.1290821931,2735953368.16,1060340670.0,57.0561839709,-167540115.94,-24.29,5427089625.5,16.7214311159,3870243445.5,-0.649290134677
34,000042,中洲控股,7.93,-2.937576499388,32.42522223,25.60159152,0.63410641,-3.02929670708,0.60359291,5.86452934,房地产开发,0.434940979,3.53,-13.033483951192,12.5057875,664831139.0,4.3050777583999995,6060490579.99,663969764.0,77.5260821073,289162306.68,13.59,5238869375.32,34.1772287093,5232081740.32,7.007497625002
35,000045,深纺织A,11.09,0,155.22970081,91.84284384,1.97224225,3.69512071301,2.0475057,31.36686626,光学光电子,0.111642717,2.0,-30.635133503518,5.6230415,506521849.0,4.293563520899999,2122038324.26,457021849.0,27.8093333945,56549475.58,74.5,5617327305.41,14.7427713936,5068372305.41,0.319768308494
36,000046,泛海控股,1.26,-2.325581395349,-0.55943103,-0.58174118,1.63289203,0.002009371915,0.67507564,2.03549527,多元金融,-0.431166821,-45.74,-25.051967982203,0.7716371,5196200656.0,-52.2125831717,8872845142.12,5193836456.0,89.1714264166,-2240429315.82,-2.17,6495250820.0,63.8053939054,6492295570.0,-2.203408176364
37,000048,京基智农,17.14,-0.11655011655,-265.81692015,23.03470153,4.97510529,13.353157838828,3.54901481,3.39814613,房地产开发,-0.089200649,-2.19,-112.399750445409,3.4451532,523239250.0,-1.3307801779,2185780864.03,523239250.0,88.8344084438,-46673280.7,-150.08,9339820612.5,10.0775148568,9339820612.5,1.882144812741
38,000049,德赛电池,44.1,-0.406504065041,14.53832427,16.63332819,3.45461482,0.783727317847,0.59045292,18.12024536,电池,2.023687684,16.68,23.273133971562,12.7655332,299386862.0,3.8880990933,15511967223.23,299281741.0,67.5284502317,605865505.49,16.18,13071230394.919998,9.7919440005,13066640812.06,10.820646223414
39,000050,深天马A,8.7,0.346020761246,15.31035684,13.86256035,0.70625141,3.563218737828,0.69672462,3.89771722,光学光电子,0.147115873,1.2,-28.744599518836,12.3185594,2457747661.0,1.4927617194,24213007954.27,2375776352.0,61.926787391,361573692.31,44.2,21308672220.87,13.6871844199,20597980971.84,0.6098411141
40,000055,方大集团,4.67,1.082251082251,19.34532304,22.5729602,0.88263236,-0.709693499236,1.34310945,22.88565456,装修装饰,0.19936743,3.82,20.938609960647,5.2909911,1073874227.0,8.2760076486,2616275080.38,675876179.0,54.0382018675,214095545.29,17.57,5014992640.09,22.6022508502,3156341755.93,4.175961188488
41,000056,皇庭国际,4.52,-1.739130434783,-3.46294302,-4.58716318,1.74593243,0.003516869644,7.56895541,14.74070352,房地产服务,-0.342060477,-13.21,-1442.84438527202,2.5888745,1174528720.0,-80.0938312601,499971936.19,903385876.0,72.8258777947,-401759853.87,-10.2,5461558548.0,68.5150519568,4200744323.4,0.272635461294
42,000058,深赛格,8.03,-3.717026378897,814.44492617,213.15158693,5.10111987,-3.099165929638,5.2317047,13.00139435,商业百货,0.015612725,0.98,-64.047492197372,1.5741641,1231200672.0,2.4465562688,1312587406.2,984683779.0,52.9161548215,19222397.31,380.94,9763421328.96,13.2055947872,7808542367.469999,0.295279666741
43,000059,华锦股份,6.78,-1.881331403763,11.68567614,12.13159376,0.75120065,0.075465293331,0.22035323,11.66643362,石油行业,0.32059463,3.52,7.126095830481,9.0255513,1599442537.0,1.5549022997000002,35537158439.14,1599442537.0,51.4181028862,512772687.71,15.86,10844220400.86,18.5591013896,10844220400.86,3.570001275613
44,000060,中金岭南,4.1,-0.726392251816,12.48598911,13.07851899,1.06862656,0.816373310101,0.2581446,10.29435039,有色金属,0.279788677,7.41,5.61579621355,3.8367005,3737543400.0,2.2652052246,46983953330.79,3737284650.0,51.5625155468,1045722324.44,10.96,15286552506.0,4.9607650214,15285494218.5,1.944352115949
45,000061,农产品,5.57,-0.357781753131,44.9386185,25.26014084,1.66671951,2.142135727775,2.44517082,7.88953982,贸易行业,0.075654818,2.26,-56.069164140647,3.341894,1696964131.0,7.3473475461,2871960364.96,1696936756.0,65.3331226274,128383513.19,55.81,9553908057.53,29.40772517,9553753936.28,0.502789472679
46,000062,深圳华强,12.08,-0.494233937397,14.49347203,14.3016875,1.85103561,0.344997948429,0.50316335,5.23643043,电子元件,0.666839422,10.83,-1.648468439972,6.5260765,1045909322.0,4.297230193,18717630169.77,1044547525.0,49.326256289,697453567.69,13.69,12728716448.74,10.5652988476,12712143379.25,4.346380137895
47,000063,中兴通讯,25.55,1.469420174742,15.5536357,17.76144467,2.111422,0.281881232631,0.981763,14.62264072,通信设备,1.439997675,12.52,16.523139697931,12.1008496,4736112508.0,7.228085934800001,92559013000.0,3979881731.0,67.7258190571,6819991000.0,13.41,121954897081.0,37.4258420409,102481954573.25,5.500280864527
48,000065,北方国际,8.1,-1.219512195122,12.87373465,13.0090345,1.06393195,-0.88627740418,0.55992156,3.43146595,工程建设,0.49789459,7.17,1.331806337835,7.6132688,1001707877.0,6.768403189199999,9192669081.56,905284291.0,61.7057346696,498744932.84,12.41,8254072906.4800005,12.927353849,7459542557.84,4.399376341382
49,000066,中国长城,10.2,0.990099009901,932.54835825,55.05658127,2.48469778,-52.322157868663,2.13497508,26.33059504,计算机设备,-0.142440966,-3.52,-546.730398680718,4.105127,3225799087.0,-4.2073938111,9491762820.44,3146793276.0,56.9935863839,-459485936.74,-53.76,32935408678.270004,22.3304397111,32128759347.960003,1.340509733138
50,000068,华控赛格,3.79,-2.820512820513,-41.04775948,-39.03469228,17.08504172,-1.36403851542,3.14443063,-129.01290502,环保行业,-0.039657505,-16.41,10.719807732074,0.2218315,1006671464.0,-4.273298995299999,851839779.3,1006671464.0,85.4115680263,-39922078.49,-72.81,3875685136.4,9.8087122767,3875685136.4,-2.120093712242
51,000069,华侨城A,5.28,-3.649635036496,85.60615416,11.39883943,0.56323162,-3.492238440623,0.5254222,2.77486059,房地产开发,0.015366969,0.16,-96.313940309917,9.3744738,8201793915.0,3.0208591082000003,29281458540.15,7056403594.0,74.4530520654,126036716.85,260.14,43715561566.95,19.5865879802,37610631156.020004,7.468326074907
52,000070,特发信息,6.73,1.051051051051,-10.88714945,-9.19075094,3.18622383,-1.3573606e-05,1.28213267,-281.87233277,通信设备,0.086777592,3.52,417.630013968608,2.1122182,844583945.0,3.5955661985,2994208463.08,832814402.0,69.9865496876,73290961.17,59.81,5844520899.4,14.2718649987,5763075661.84,-0.123012241075
53,000078,海王生物,3.34,2.140672782875,798.15767987,98.48066509,1.54588226,-17.789747498541,0.23418086,25.01253887,医药商业,0.047951502,2.22,-38.272176036364,2.1605785,2750833257.0,0.7534137009,28955751861.94,2621199543.0,79.8674495084,131906586.66,51.77,9105258080.67,10.2501474335,8676170487.33,0.406274784146
54,000088,盐田港,4.94,-1.002004008016,22.69983771,24.08003495,1.18788176,1.166688257981,14.2213731,20.29179721,航运港口,0.165126039,4.04,8.171169063093,4.1586631,2249161747.0,69.1390027556,578610490.05,2249161747.0,33.3953445673,371395171.17,22.76,11268300352.47,36.9088410723,11268300352.47,1.956426778972
55,000089,深圳机场,7.82,-0.635324015248,-17.12906948,-465.66295345,1.46619536,-0.227123801857,5.36024221,24.85901762,航空机场,-0.433866294,-7.79,-7485.8485792633,5.3335321,2050769509.0,-42.9817455819,2047416465.26,2050742403.0,57.4452731101,-889759767.12,-13.6,16139556035.83,-35.292440247,16139342711.61,2.482103640775
56,000090,天健集团,5.46,-2.150537634409,5.23092278,5.27696485,1.01336706,0.136084774599,0.4170821,-2.29289645,工程建设,0.759312864,10.9,1.213960618082,5.3879785,1868545434.0,10.978185652,12887822553.31,1868346092.0,79.778412909,1418810585.4,5.44,10295685341.34,26.4672809345,10294586966.92,2.955891273913
57,000096,广聚能源,7.91,-0.628140703518,134.31873248,61.68699971,1.61576914,-4.408799498526,2.02559922,68.22409656,石油行业,0.115547962,2.23,-37.503190436802,4.8955013,528000000.0,4.0198429337,1580955841.53,510848000.0,5.9822924098,61009323.68,51.6,4197600000.0,8.6079363525,4061241600.0,2.234530970417
58,000099,中信海直,7.19,-0.415512465374,27.11954261,22.6296191,1.1539268,2.443416524366,3.08109499,6.93712667,航空机场,0.215039193,3.48,-19.654142336794,6.2308978,775770137.0,12.5109968393,1304493345.22,710215136.0,21.4477487898,166820984.51,25.29,5624333493.25,23.0692368898,5149059736.0,2.368569706776
59,000100,TCL科技,3.7,-0.804289544236,51.45954765,6.28052206,1.63304621,0.454051042581,0.37351323,2.92697624,光学光电子,0.016440131,0.72,-96.919373842042,2.8206924,17071891607.0,1.5428555828000001,126575669585.0,13652207633.0,64.902951385,280664134.0,169.71,63507436778.04,9.1405949796,50786212394.76,1.215106914426
60,000150,*ST宜康,1.33,4.724409448819,-1.55337625,-1.71176109,-1.65388581,0.159917264589,1.1069512,6.6979333,医疗服务,-0.336024627,-52.82,-30.849339652728,-0.8041668,877697557.0,-39.4328927952,739479790.88,805990242.0,114.9449233008,-294927994.32,-3.04,1193668677.52,16.0151597069,1096146729.1200001,-2.329929039429
61,000151,中成股份,12.32,-1.044176706827,316.21740667,521.33523724,4.87623606,-128.826808039799,1.27502247,13.4830338,贸易行业,-0.059347521,-2.21,20.527105742131,2.5265389,337370728.0,-1.0142181392,2192371478.04,266543967.0,65.5745245362,-20022116.22,-158.47,4230628929.12,9.4907450683,3342461346.18,-0.691936085457
62,000153,丰原药业,13.56,0,29.84716967,39.29780375,2.62832012,3.061872171628,1.20169278,17.75237509,化学制药,0.380890617,8.01,40.222184993589,5.4075277,332111230.0,4.3931903834,2865476079.87,311977230.0,57.1863672456,126498051.39,26.7,4503428278.8,27.8718919628,4230411238.8,2.181618514677
63,000155,川能动力,17.87,-1.270718232044,57.40555394,76.60345525,5.14693402,0.25495498091,7.92248068,12.36131275,电力行业,0.294661901,8.71,36.009973967312,3.4719699,1475926818.0,31.4972756801,2362064166.71,1296931295.0,57.2342255729,434899401.66,45.59,26433849310.38,51.1822522516,23228039493.45,-0.246144357626
64,000156,华数传媒,7.29,-0.816326530612,15.94907526,14.89629883,0.94218298,2.197448626157,1.4629164,6.19598179,文化传媒,0.313157443,4.06,-9.350844270964,7.7373506,1852932442.0,9.3746901012,6269480344.88,1565055111.0,43.0730275595,580259585.82,17.87,13822876017.32,31.2793718768,11675311128.06,1.645052123228
65,000157,中联重科,5.42,-0.91407678245,17.49956274,7.50182732,0.87325631,-1.476483316524,1.08494197,-53.21949854,工程机械,0.249900351,3.96,-62.28881012276,6.2066543,8677992236.0,7.2301234016,30648916221.19,7068726983.0,56.3455348861,2168633307.95,16.33,47208277763.840004,20.9718866104,38453874787.520004,2.855851219748
66,000158,常山北明,5.6,-2.097902097902,309.66621907,68.3356838,1.48751074,9.432407503511,0.84590541,-29.39969199,综合行业,-0.084839841,-2.23,-304.472518415139,3.7646787,1598616721.0,-2.9559733375,5843402434.57,1581225904.0,61.2132321271,-135626388.7,-49.77,9000212139.23,8.125713192,8902301839.52,0.949306848737
67,000159,国际实业,6.94,0.28901734104,12.52660627,120.59428021,1.31401972,-0.55301139323,2.79384193,-11.39772591,石油行业,0.620759865,12.52,399.455052029721,5.2815037,480685993.0,41.4412244147,743828410.39,480685993.0,18.4139473816,298390571.99,8.36,3326347071.56,14.4850346538,3326347071.56,3.151622050947
68,000166,申万宏源,3.97,-0.501253132832,15.85988663,10.57721565,1.02575574,0.694266451689,3.61839632,-1018.23628384,证券,0.17088829,4.43,-42.249191151912,3.8703171,25039944560.0,25.145042485399998,18056766355.39,22535507316.0,80.7738145006,4279033307.09,17.51,99909378794.40001,0.0,89916674190.84001,1.319893551454
69,000301,东方盛虹,13.21,-0.075642965204,40.08050918,19.22125892,2.82922422,0.009974871205,1.49994665,17.66957001,化纤行业,0.23858234,5.42,-59.986565041518,4.6691245,6611187669.0,3.370050794,46707970694.28,5232945234.0,79.2945286486,1577312625.61,41.06,86342110957.14,8.7117828707,68342264756.04,1.108720850874
70,000333,美的集团,51.73,-0.614793467819,12.23249804,12.6668829,2.59954191,2.472902965134,1.0276717,9.87089206,家电行业,3.497353803,18.36,4.325986719391,19.8996599,6996695896.0,9.1334181167,271775057000.0,6853080880.0,64.3400845368,24469921000.0,11.18,364807724017.44,23.6109045553,357319637083.2,16.557242407267
71,000338,潍柴动力,10.13,-0.197044334975,19.6201154,9.55212416,1.24384084,41.223264063246,0.57334999,27.15228322,汽车零部件,0.379509401,4.63,-58.914199013642,8.1441288,8726556821.0,2.8625160572999997,130523447286.82,5048715137.0,65.5421493951,3311810352.07,20.26,89447207415.25,16.9121083722,51749330154.25,5.636105571012
72,000400,许继电气,20.05,0.90588827378,25.48039459,27.90960071,2.02544666,23.456631685193,1.48963039,12.37444303,电网设备,0.642728713,6.65,11.926843616836,9.8990511,1008327309.0,8.7885822547,9115767552.72,1008269840.0,39.8700207894,648080913.62,23.45,20267378910.9,20.8424289089,20266223784.0,7.546506521386
73,000401,冀东水泥,8.16,-1.923076923077,8.26737601,7.71864921,0.70671533,-5.427602547617,0.57865874,5.73275156,水泥建材,0.614805487,5.48,-10.243862833456,11.5463748,2658213570.0,6.342338359499999,27351153779.45,1547298720.0,46.8960171156,1634284287.18,10.0,21797351274.0,21.5758297893,12687849503.999998,3.755228958492
74,000402,金融街,5.27,-2.946593001842,8.2540586,9.5882798,0.40966665,-0.396589675485,0.52506879,5.19497978,房地产开发,0.461651494,3.65,23.831208811602,12.8641178,2988929907.0,8.3361630545,15510254981.59,2987829036.0,71.6364153385,1379843956.13,8.59,15811439208.03,17.6009368207,15805615600.44,8.796193129018
75,000403,派林生物,22.58,4.828226555246,37.86777127,42.28640834,2.50445428,0.339000492496,7.7892888,34.70188265,生物制品,0.477278124,5.39,15.014973890559,9.0159362,732360101.0,23.471819348100002,1493472266.77,603174941.0,12.4926854086,349539454.75,36.03,16793017115.93,49.6738343749,13830801397.13,1.435443396731
76,000404,长虹华意,5.3,-5.693950177936,15.79022934,19.89273162,1.06115347,0.19431449682,0.28418942,2.49795213,家电行业,0.208142985,4.19,49.827929157334,4.994565,695995979.0,2.2906828782,9913459539.93,695766772.0,62.9754778934,144866680.55,19.39,3744458367.02,8.9242271843,3743225233.36,1.606496645924
77,000407,胜利股份,3.82,-1.036269430052,53.56762378,30.553751,1.23147873,-4.383152791508,0.71054241,9.23837825,燃气,0.160772878,5.27,-25.042965914447,3.1019618,880084656.0,5.3183055126,3400175488.85,875767412.0,55.9731876846,141493742.89,17.96,3388325925.6,16.1320823354,3371704536.2000003,0.766265103888
78,000408,藏格矿业,26.1,-0.722708254089,8.65124878,28.89946151,3.82004326,0.011678641222,5.70073922,7.91697816,化肥行业,2.63583973,41.14,404.887031195446,6.8323834,1580435073.0,72.92276527119999,5712583088.47,1580435073.0,9.6501083181,4165773556.53,7.46,41423203263.33,84.3543274482,41423203263.33,4.433091059743
79,000409,云鼎科技,6.23,-0.32,225.32621809,235.14862259,7.94121331,-9.713372115263,5.11436371,169.21450881,互联网服务,0.025303039,3.28,4.782647488898,2.0793374,664210505.0,7.5652356729,559008768.51,423376995.0,56.3889630603,16806544.52,186.44,4177884076.45,36.5937070871,2663041298.55,-0.774508136107
80,000410,*ST沈机,5.35,-0.925925925926,-19.33862933,-12.7952504,-22.04652892,0.545485739835,6.65847535,-133.69776674,通用设备,0.001468116,0.0,101.048598609214,0.4785079,2064746603.0,0.1789248375,1240520310.64,1680915944.0,116.2286401794,3031287.42,2871.03,11603875908.86,15.3295847242,9446747605.28,-3.261149041077
81,000411,英特集团,11.84,0.509337860781,18.91180053,21.691199,1.91425722,2.832185399428,0.1249744,-23.30846952,医药商业,0.521531319,8.2,18.177813121236,6.2008892,307432328.0,1.6326968888,22312718552.75,298756688.0,73.5364500324,160335587.52,16.83,3596958237.6,6.4394487685,3495453249.6,3.889232183058
82,000413,东旭光电,1.74,-1.136363636364,-3.9581325,-3.49992816,0.42391868,-0.292095681305,1.57601658,11.15016124,光学光电子,-0.203619373,-4.8,22.03604918788,4.1045608,5632749948.0,-25.608122676700003,4522032282.95,5029313594.0,60.3849007956,-1146937011.84,-6.48,9913639908.48,13.6413403709,8851591925.44,-0.805952030848
83,000415,渤海租赁,2.16,-1.369863013699,-11.73019239,-10.84178624,0.43900991,-0.555158388578,0.42135419,0.63629096,多元金融,-0.04053992,-0.9,27.124329289206,4.9201622,6184521282.0,-1.1398979861999998,22418936000.0,4256001005.0,82.4196562903,-250720000.0,-40.15,13420411181.939999,40.4557602555,9235522180.85,0.474658403803
84,000416,民生控股,3.77,-1.566579634465,-863.84605501,147.34413049,2.29058982,16.687814229114,45.07207311,-122.3696824,多元金融,-0.01684418,-1.01,-228.518892609531,1.6458643,531871494.0,-437.49421814860005,14446230.25,531641098.0,2.9029561983,-8958939.01,-170.09,2031749107.08,0.0,2030868994.36,0.486910117503
85,000417,合肥百货,5.35,4.901960784314,18.86443001,23.07105007,0.96418582,0.550815440129,0.62765411,3.76614073,商业百货,0.254594123,4.66,25.487564507983,5.5487229,779884200.0,5.0101358736,4988437708.17,779027451.0,60.3443461081,198553933.64,16.03,4242570048.0000005,28.644987232,4237909333.4400005,2.821132734065
86,000419,通程控股,7.05,9.984399375975,22.21122759,27.67555399,1.28438452,-0.94841383314,1.74980942,9.24658717,商业百货,0.290750218,5.28,27.476946493015,5.4890104,543582655.0,12.32976049,1554701743.73,543299845.0,37.4135390686,158046775.57,20.02,4218201402.7999997,26.6199219951,4216006797.2,2.420380756685
87,000420,吉林化纤,4.44,0.225733634312,-49.83634516,-84.48430082,2.52103546,-0.18889842249,2.7341204,103.46041347,化纤行业,-0.035995771,-2.78,-6745.06653549442,1.7611811,2458868343.0,-2.7608686476999997,3031760664.84,2167277056.0,56.1355072681,-88508862.05,-92.72,10941964126.35,7.863168203,9644382899.2,-0.27099046981
88,000421,南京公用,4.83,-0.617283950617,37.92553244,28.31553227,1.00500186,1.212045463242,0.59962805,-2.60898841,燃气,-0.04129579,-0.85,-2242.86342575838,4.8059613,578331934.0,-0.8268479828,3426542107.92,572646934.0,74.6842144746,-23882673.81,-88.27,2810693199.2400002,13.5226663977,2783064099.2400002,2.787889146408
89,000422,湖北宜化,14.52,-0.479780671693,5.83952784,8.30899086,2.80357068,0.004760697134,0.67758766,3.42411332,化学原料,2.395174126,60.87,44.620717590609,5.1791097,897866712.0,16.3124314637,16170808727.34,897817191.0,66.4077146141,2150547116.76,4.54,13028045991.119999,21.3903282812,13027327441.41,1.250652676318
90,000423,东阿阿胶,41.71,4.588766298897,41.83506033,61.93633767,2.70988546,0.037845880671,6.70318576,15.99533742,中药,0.784222422,5.12,70.244344148614,15.3917944,654021537.0,16.815256675,3046497190.8,654021537.0,19.1834481754,512898353.49,39.03,26690618924.97,67.5514674399,26690618924.97,13.080584024193
91,000425,徐工机械,5.01,-1.183431952663,17.00485615,10.54374797,1.13278183,0.353579652952,0.90017314,32.91542851,工程机械,0.395718954,8.7,-31.329829587548,4.4227404,11816166093.0,6.3234228147,75110303698.77,4836750652.0,69.0614036586,4675880888.68,9.61,59907962091.51,20.2154716336,24522325805.640003,2.16084051066
92,000426,兴业矿业,6.17,-2.218700475436,53.85900676,45.99212744,2.02944677,0.189547057861,5.51026149,12.65190499,有色金属,0.125120276,4.2,-13.540395879704,3.0402374,1837192219.0,13.9477780826,1647970202.56,1475042242.0,39.6545544945,229869997.47,36.74,11261988302.47,45.5250108512,9042008943.46,0.67318161083
93,000428,华天酒店,5.97,1.877133105802,46.24081809,72.21886114,3.14456116,-1.689477883658,11.80460426,195.70072446,旅游酒店,-0.175341444,-8.83,20.94000661438,1.8985161,1018926000.0,-54.35536430570001,386766941.58,1018882500.0,71.7097618195,-178659955.8,-28.1,6694343820.0,12.4217787368,6694058025.0,-0.628854659926
94,000429,粤高速A,7.64,-0.907911802853,10.66427195,9.39407975,1.7864422,0.119028617854,3.47083263,5.04745062,铁路公路,0.569980724,13.01,-14.526147663483,4.2766567,2090806126.0,50.4674355919,3288058871.66,1303324056.0,39.5834603315,1191719189.92,10.43,16580092579.18,66.6506171653,10335359764.08,2.276910413969
95,000430,张家界,8.15,-1.092233009709,-14.95885363,-24.40680159,2.69658729,0.215597201626,24.02629114,432.38280101,旅游酒店,-0.355206114,-11.1,-146.155389220791,3.0223387,404817686.0,-133.0791697093,108051258.07,331738800.0,57.2121904365,-143793717.1,-18.94,3631214643.42,-68.5877743154,2975697036.0,-0.226872420737
96,000488,晨鸣纸业,4.93,-1.202404809619,118.69880522,7.11209674,0.80781238,7.842788867845,0.45042086,5.86483448,造纸印刷,0.080737139,0.95,-88.976188676299,6.1029022,2979742200.0,1.1885225492,25356033895.76,1682428185.0,71.7887487472,240575860.63,45.89,14719926468.000002,14.5686862426,8311195233.900001,3.168726615803
97,000498,山东路桥,6.8,-2.158273381295,4.52672225,4.97081272,0.89876686,0.069545148988,0.17285606,-14.32416509,工程建设,0.96616669,12.39,16.131169396953,7.565922,1560629303.0,4.3876006999,42969498634.39,1457534570.0,77.7264594882,1507828047.44,5.32,10690310725.55,11.1720664796,9984111804.5,4.846275861642
98,000501,武商集团,11.06,1.282051282051,15.86331248,11.30355054,0.77940206,0.503022129112,1.26897644,7.42996636,商业百货,0.431441161,3.07,-39.462876642317,14.1903653,768992731.0,6.824919935,4861230903.52,768073142.0,64.3338595838,331775117.02,19.52,8635788369.130001,44.2328238807,8625461384.66,8.567795476652
99,000503,国新健康,10.08,-3.170028818444,-55.369502,-51.9653613,13.43296629,-2.378184418787,32.02787636,-61.96292675,软件开发,-0.128544758,-15.9,8.489820376702,0.7503927,906413204.0,-86.58725374000001,134546259.88,898779932.0,32.4311224561,-116514666.36,-59.28,9209158152.64,-15.1432866719,9131604109.12,-0.127438796754
100,000504,南华生物,11.59,-0.515021459227,-354.5988335,-188.80847272,210.1808543,-0.18005378242,17.1638712,17.25485825,医疗服务,0.001735451,3.2,106.436015780208,0.055143,311573901.0,5.2171818517,156404576.3,310673201.0,80.1212746528,540721.32,5047.68,3639183163.68,61.1560616082,3628662987.68,-1.572435225953
101,000505,京粮控股,8.01,-2.673147023086,34.68185656,28.47930172,1.93535725,3.170160154059,0.45166463,-16.88434384,农牧饲渔,0.125924931,3.09,-28.543229808893,4.1387708,726950251.0,1.1487612835999998,9444673574.11,620815364.0,48.10768692,91541160.41,47.95,5851949520.55,5.0362096799,4997563680.200001,0.664467333336
102,000506,中润资源,3.16,-2.167182662539,25.83552107,-22.73853045,4.97525517,1.230861864452,9.07149888,-81.53064749,贵金属,0.224022673,43.15,701.230256834117,0.6351433,929017761.0,82.7912716684,208313801.69,928670961.0,64.8092360796,208121041.9,10.61,2944986302.37,-12.0771633833,2943886946.37,-0.467422693031
103,000507,珠海港,5.51,-2.304964539007,14.13944491,11.36520188,0.96733022,0.180046180177,0.89499717,5.90705008,航运港口,0.233054784,3.53,-28.985253667386,5.69609,919734895.0,8.6301055732,4094196551.18,902337753.0,57.6910026563,214348617.25,17.89,5113726016.2,23.2579903765,5016997906.679999,2.151375075412
104,000509,华塑控股,3.73,-0.267379679144,-931.82170476,-709.07028168,28.27501406,-26.181908747539,4.35167595,-66.81745671,医疗服务,0.003174052,2.44,65.612441001946,0.1319186,1073128052.0,1.5058877034,660122024.22,1073109808.0,63.6384946192,3406163.76,893.18,4056424036.56,8.9339276173,4056355074.24,-1.116679636374
105,000510,新金路,5.61,0.718132854578,35.51044412,11.40944444,2.4144145,0.092581896638,1.05489866,26.29810919,化学原料,0.011757511,0.53,-96.596698874932,2.3235447,609182254.0,0.30750936149999997,2345368646.42,568475282.0,35.6876840695,7162467.3,363.6,3472338847.8,14.7513805277,3240309107.4,1.024622279017
106,000513,丽珠集团,33.03,1.850138760407,16.88823903,17.40248732,2.3004318,4.686170354534,2.53645907,12.63904795,化学制药,1.610598889,11.34,3.721936433125,14.358174,935552687.0,16.4448704736,9488253415.41,605860369.0,38.4325121727,1506800118.4,15.16,30452239961.85,65.5096942727,19720755010.949997,10.697257386296
107,000514,渝开发,4.23,-2.083333333333,22.19631983,22.01541617,1.02776527,0.544529021171,3.21340055,5.51266269,房地产开发,-0.02815415,-0.68,-5.889671022004,4.1157258,843770965.0,-22.1984950106,119641234.36,843770965.0,50.5752169843,-23755654.54,-114.55,3628215149.5,6.0998036831,3628215149.5,1.487866332435
108,000516,国际医学,12.35,2.40464344942,-26.40078402,-34.17715174,6.02115475,0.000690808017,10.08439433,95.52951907,医疗服务,-0.363514877,-16.66,-41.402417528595,2.0511016,2275255232.0,-44.1803798546,1913897141.34,1899767976.0,63.1804648245,-827089125.83,-25.17,27758113830.399998,-9.7505915302,23177169307.199997,0.436018871754
109,000517,荣安地产,2.95,-3.908794788274,7.36905565,8.64617248,0.99071224,-0.316098575003,0.55776772,0.60458027,房地产开发,0.291782529,9.95,25.416247402145,2.9776558,3183922485.0,11.0609451531,10233785138.99,2496580466.0,83.3878994889,929012954.33,7.58,9392571330.75,20.062280846,7364912374.700001,2.42472457405
110,000518,四环生物,3.22,3.536977491961,-69.99297251,-95.29116349,5.8091799,0.152468021351,10.64668609,142.09947006,生物制品,-0.034340664,-6.01,-55.196493007534,0.5542951,1029556222.0,-19.6443968072,196626339.15,1029535693.0,19.7329849627,-35355644.37,-69.67,3284284348.18,70.4877816264,3284218860.67,-0.517878443233
111,000519,中兵红箭,19.83,-0.251509054326,36.35149609,56.8976573,2.80434704,0.538428635793,3.67950929,731.29584661,专用设备,0.632673959,9.32,45.212840547031,7.0711648,1392558982.0,18.205144273800002,4839488171.1,1391500582.0,31.0171799721,881035803.66,23.33,27405560765.76,33.2965289613,27384731453.76,3.228727755411
112,000520,长航凤凰,3.18,-1.242236024845,46.07949376,33.46085984,5.83990601,0.034995457501,3.13966309,27.45368604,航运港口,0.033011568,6.25,-44.083070268063,0.5445293,1012083455.0,4.480251608400001,745727345.47,1012083455.0,32.6299902658,33410461.39,73.61,3279150394.2000003,10.9035401912,3279150394.2000003,-2.641799614746
113,000521,长虹美菱,4.18,-6.067415730337,28.35331131,82.95211518,0.87007091,0.340912806634,0.22084903,1.97039796,家电行业,0.157485882,3.31,160.51850927637,4.8042061,1029923715.0,1.200259637,15375374318.73,875808809.0,71.1087694159,162198444.3,19.86,4294781891.5499997,12.6376884852,3652122733.5299997,0.820285978705
114,000523,广州浪奇,4.02,-2.427184466019,4.23399264,4.45363867,6.47290576,-0.081377386504,2.59481014,-27.28880059,美容护理,-0.024105573,-3.81,66.0155944987,0.6210503,1612420134.0,-1.9736427718999998,1960577483.46,1376835812.0,58.8790928258,-38868311.59,-120.41,6240065918.58,9.5704934874,5328354592.440001,-2.096618963938
115,000524,岭南控股,11.6,-4.290429042904,-62.26999791,-60.83334881,3.67320267,-1.971836818973,6.54034475,-1400.01555442,旅游酒店,-0.142732076,-4.41,2.990079148987,3.1580071,670208597.0,-11.9785566748,854130609.2,670081621.0,30.8920351739,-95660264.72,-62.53,7975482304.3,18.1607560283,7973971289.900001,-0.038151257391
116,000525,ST红太阳,11.15,0.089766606822,-2.28439869,-1.72954217,4.3581551,5.5757179e-05,0.92210865,7.29424647,农药兽药,1.628385953,92.1,2504.27095362039,2.558422,580772873.0,17.4345336936,5373920335.44,574514828.0,84.3679297761,945722388.51,5.27,6649849395.849999,40.3053095027,6578194780.599999,-2.691204273396
117,000526,学大教育,17.56,0.114025085519,-3.61011621,-3.85788945,4.67186418,-0.000294610001,1.12128245,66.57693237,教育,0.067830552,1.82,-82.160574039562,3.7586709,117762709.0,0.4259022279,1466968543.5,117762709.0,86.6947193843,7987909.58,198.14,2110307745.2800002,28.3925901367,2110307745.2800002,-4.641071150546
118,000528,柳工,5.84,-0.848896434635,20.27949106,11.47108423,0.7262594,-0.988778487593,0.43697115,13.56165473,工程机械,0.29974419,3.77,-42.453687426264,8.041204,1955019991.0,3.0421883944,20033632182.57,958895183.0,60.3403097017,586005883.73,14.66,11456417147.26,16.2668733145,5619125772.38,3.514400706325
119,000529,广弘控股,8.18,-9.111111111111,5.80131781,14.4235071,1.61054047,0.545901044005,1.19714257,13.24954996,食品饮料,1.263538441,27.69,200.38209005911,5.0790403,583790330.0,28.555300682200002,2670027617.87,569884377.0,44.3773541617,737641523.35,5.01,4927190385.2,12.2732544501,4809824141.88,2.617789348395
120,000530,冰山冷热,4.37,-1.576576576577,-16.78879723,-13.6952379,1.22962521,0.001125813995,1.54733354,-12.35490586,通用设备,0.009520997,0.27,119.322008334189,3.5539284,843212507.0,0.532667372,2044117549.31,598194679.0,48.4663194347,8028223.81,352.12,3769159906.29,12.9304966346,2673930215.1299996,0.744012542333
121,000531,穗恒运A,6.12,-0.163132137031,-151.23927985,31.35200149,0.99068298,2.78419229795,1.24096279,-10.33431658,电力行业,0.033672022,0.54,-87.49834651181,6.1775564,822099384.0,1.6936658905,2944996809.59,822099384.0,63.3757501789,27681748.63,137.43,5072353199.28,0.23475411,5072353199.28,3.208921560328
122,000532,华金资本,10.85,-0.641025641026,16.66090366,19.38146138,2.92360776,0.547862047819,4.78276369,22.82222497,综合行业,0.359035981,10.1,34.156815944936,3.7111682,344708340.0,25.9495341627,522068293.56,343549746.0,47.3012381488,123762696.84,22.46,3705614655.0,34.4855818733,3693159769.5,2.379771478752
123,000533,顺钠股份,3.68,-2.127659574468,215.0704577,-199.23558435,3.62005776,9.319114431869,1.53133925,65.50288257,电网设备,0.027496408,2.75,440.097522134287,1.0165584,690816000.0,2.4791316492999997,1237259324.98,684902400.0,66.7164642854,18994958.56,102.83,2604376320.0,19.6356302438,2582082048.0,-0.182825667443
124,000534,万泽股份,14.28,0.351370344343,67.61659927,75.02066306,6.05690044,2.705792378636,9.30523595,85.85270415,生物制品,0.190930454,8.5,12.254407969103,2.3576415,500623096.0,16.953901063300002,581328333.12,492416496.0,47.001508507,95584195.05,55.5,7073804346.4800005,77.1491266395,6957845088.4800005,1.286657156245
125,000536,华映科技,1.86,-1.063829787234,-5.25390175,-22.99321286,1.14543885,-0.00224972099,1.88870579,2.85662906,光学光电子,-0.277406243,-15.75,-6385.89248919349,1.6238318,2766032803.0,-37.4461006392,2032350976.68,2763082516.0,54.322643498,-767314767.9,-5.06,5172481341.610001,-1.5177089146,5166964304.92,-2.689602523358
126,000537,广宇发展,13.27,-1.484780994803,-27.52362402,-18.20228853,1.50715603,-0.058312220151,7.28438809,-2.06825025,电力行业,0.334408401,3.65,282.135304860388,8.8046624,1862520720.0,26.4788556249,2638684515.18,1862520720.0,52.7581589957,622842576.43,29.74,24697024747.2,56.9925213154,24697024747.2,4.912306598297
127,000538,云南白药,54.25,0.018436578171,36.67433681,34.76924089,2.5769749,-0.987907736231,2.7909512,154.32945249,中药,1.282733783,6.03,-5.943102594147,21.0518154,1796862549.0,7.951619662,26915689706.78,1684594680.0,26.6447837926,2304896295.31,31.77,97641510912.66,28.2136309777,91540874911.20001,8.917165186879
128,000539,粤电力A,5.43,-0.549450549451,-6.1697698,-9.05694661,1.32243813,0.000309399698,0.5605103,-16.01278829,电力行业,-0.327515114,-7.65,-597.475047214353,4.1060522,5250283986.0,-6.5994718765,39486353935.0,2553912699.0,75.5448796013,-1719547358.0,-12.53,28719053403.42,-0.2111102791,13969902463.529999,0.282755719302
129,000540,中天金融,1.48,-1.333333333333,-1.02694465,-1.61591649,1.42205343,0.000143848034,1.29647309,2.6677495,房地产开发,-0.649432294,-47.4,-423.090359412178,1.0407485,7005254679.0,-174.2739550339,10669624672.37,6968762396.0,96.8821984195,-4549438619.16,-1.74,10577934565.29,-3.6344628512,10522831217.960001,-0.250320279556
130,000541,佛山照明,4.85,-1.422764227642,26.06459071,26.41297978,1.27452019,-1.382348563948,1.27834365,-38.46344216,家电行业,0.16208027,3.88,1.537568794794,3.8053536,1361994647.0,5.0241600662,6409681360.22,1056488844.0,39.3974148813,220752460.04,22.91,6741873502.650001,17.8102270234,5229619777.8,2.427386664164
131,000543,皖能电力,4.35,-1.58371040724,-25.07343334,-7.37535593,0.78369717,0.024741431394,0.39972185,195.89179298,电力行业,0.191247877,3.46,184.97497429811,5.5506134,2266863331.0,1.9610272156,18515533367.26,2266863331.0,61.4203728032,433532799.42,17.37,10042204556.33,3.1233961106,10042204556.33,1.800324513309
132,000544,中原环保,6.28,-1.412872841444,13.54933739,12.03341782,0.91819754,5.420305633085,0.91722875,-1.9468145,公用事业,0.419738723,6.19,-12.211952424322,6.8394869,974684488.0,10.5564746271,4239508617.99,974684488.0,69.9745812385,409112822.15,11.26,6140512274.4,24.9542976962,6140512274.4,1.552999388044
133,000545,金浦钛业,3.49,-0.852272727273,-130.58171288,32.09344598,1.77267129,0.337124482432,1.29019833,13.1681748,化学原料,0.023777118,1.22,-85.069184306809,1.9687801,986833096.0,1.2161281943,1929405753.41,985403096.0,35.6702266627,23464047.35,109.77,3434179174.08,8.959884787,3429202774.08,0.96382891756
134,000546,金圆股份,12.38,-1.11821086262,-252.24877079,112.00539712,1.82947834,14.782183039266,1.62609375,19.37247705,环保行业,0.287854189,4.25,-35.669738644341,6.7669563,780781962.0,2.9545919378999996,4387170382.33,711470371.0,28.1822794902,224751358.65,31.73,9509924297.16,6.1815647809,8665709118.78,2.920583216419
135,000547,航天发展,9.32,-1.997896950578,39.67023573,23.20135543,1.62599735,-2.554875976468,4.38647796,-30.12479805,通信设备,0.114301284,2.0,-59.332809163546,5.7318666,1603685112.0,8.4830022793,2470355238.76,1577147685.0,30.09166319,183303267.68,61.22,14962382094.960001,34.7071829884,14714787901.05,2.085854038714
136,000548,湖南投资,4.79,-4.771371769384,63.68701999,46.08445739,1.29296202,-1.621048581119,5.95675762,8.47649578,铁路公路,0.047283455,1.28,-37.794336468352,3.7046719,499215811.0,9.647439627199999,244672674.12,499188811.0,40.6431572307,23604648.52,83.27,2620883007.75,50.3874512156,2620741257.75,1.46678025336
137,000550,江铃汽车,13.19,-1.567164179104,13.98916422,19.8301428,1.25907049,3.828287587298,0.35847363,-1277.00565769,汽车整车,0.830830843,8.09,50.21153067224,10.4759822,863214000.0,3.0825860441999997,22031617358.0,518463140.0,66.318090404,717184815.0,12.1,11567067600.0,14.3477885152,6947406076.0,8.022545672336
138,000551,创元科技,8.48,-1.395348837209,25.11441316,31.45890621,1.55765504,-4.169548852298,0.84313134,6.29126577,环保行业,0.296281977,5.73,29.842728215428,5.4440809,403984805.0,6.526229293799999,3053263067.82,400080405.0,49.6978759437,119693416.54,21.8,3478309171.0499997,21.3007791515,3444692287.0499997,2.547732101483
139,000552,靖远煤电,3.12,-1.88679245283,8.32935453,10.80801222,0.85765181,0.095636621637,1.49929744,4.9258112,煤炭行业,0.283012669,7.48,43.582134988493,3.6378399,2507824524.0,16.564366410199998,4284776701.34,2504573417.0,39.3235872873,709746112.67,8.32,7874569005.360001,29.650735174,7864360529.38,1.238344676958
140,000553,安道麦A,9,-1.531728665208,22.55973745,133.21922206,0.88961822,-0.320352798381,0.57246572,25.53411143,农药兽药,0.329702172,3.44,19715.5260469867,10.1166993,2329811766.0,2.7357685324,28077814000.0,2177067461.0,60.1901363948,768144000.0,20.43,20921709658.68,25.7836917076,19550065799.780003,2.849956420042
141,000554,泰山石油,5.51,-1.254480286738,225.27970245,321.81088758,2.83341785,21.898379031206,0.80201026,15.21003778,石油行业,0.015636656,0.81,88.392792513271,1.9446479,480793318.0,0.2929654963,2508953174.73,362647685.0,34.2999048284,7517999.5,262.36,2629939449.46,7.9509904876,1983682836.9499998,0.29490132862
142,000555,神州信息,10.66,3.898635477583,35.08419073,27.87407921,1.77467419,-2.027366080309,0.91665824,34.07874074,互联网服务,0.122346619,2.02,-39.112927018965,6.0067364,983653713.0,1.4712039658,7175030999.25,979959063.0,50.9227798172,120346706.19,65.9,10574277414.75,17.2077713746,10534559927.25,2.666755843873
143,000557,西部创业,4.82,-1.632653061224,27.31205511,31.14825394,1.25301163,0.877891024161,3.40055532,23.28822673,物流行业,0.155981216,4.14,16.190418533321,3.8467321,1458374735.0,13.919149136600002,1634288576.61,1457916198.0,8.0274955981,227479064.3,23.37,7087701212.1,19.5425545813,7085472722.280001,-0.223777425347
144,000558,莱茵体育,2.77,-2.80701754386,-77.39870124,-37.91140401,3.23411545,3.043807196582,38.84826684,84.83759566,房地产开发,-0.014040092,-1.78,72.640180480795,0.8564939,1289223949.0,-33.6502784774,58626557.35,1288621496.0,40.0609419205,-18100822.7,-152.24,3674288254.65,23.8791750749,3672571263.6,-0.246619252688
145,000559,万向钱潮,4.84,-1.825557809331,20.32123368,23.29277603,1.88069344,0.337695817002,1.07193568,13.58268264,汽车零部件,0.186117487,7.21,19.510846254545,2.5735188,3303791344.0,5.6217299383,11109458992.01,2753037624.0,52.0155957098,614893341.6,19.58,16056425931.84,12.1094196231,13379762852.640001,0.640447706052
146,000560,我爱我家,2.5,-1.960784313725,-11.11139227,35.48290979,0.56624377,0.779354295079,0.49478763,1.48311714,房地产服务,-0.092979584,-2.09,-145.922380309992,4.4150596,2355500851.0,-3.096039391,8885112317.17,2249810653.0,68.5878596518,-219013488.78,-20.25,5912307136.009999,10.5252842084,5647024739.03,0.906817068923
147,000561,烽火电子,9.24,0.216919739696,51.51931483,50.45900511,3.27596409,3.769644085208,3.73280006,-124.95629733,通信设备,0.005391229,0.21,-41.143574851343,2.8205437,604692321.0,-0.4279149919,825519156.14,602154921.0,53.52246854,3260035.0,1258.99,5472465505.05,43.2982070036,5449502035.05,1.515156647789
148,000563,陕国投A,3.01,-0.331125827815,20.20844281,21.02230604,1.21006547,2.976419920698,9.02552947,-21.66257999,多元金融,0.12001588,4.91,5.047199662735,3.1699395,5113970358.0,48.2805353385,1271232081.7,3964012846.0,20.0296916834,613757654.44,18.87,15444190481.16,0.0,11971318794.92,0.691705125464
149,000564,ST大集,1.64,5.128205128205,-400.32636632,-45.73161282,2.51601117,-31.999686592905,22.62901388,-610.17308802,商业百货,0.013878062,2.15,177.588773050257,0.6518254,19163777335.0,26.4554391981,1020333946.16,15181349333.0,55.5832384768,265956087.11,89.71,31811870376.1,44.6882166206,25201039892.78,-0.320298980863
150,000565,渝三峡A,5.87,0.170648464164,30.20237659,35.7128735,1.90302717,1.264498630049,5.29566174,46.38463206,化学制品,0.19886906,6.63,17.75761950749,3.0845592,433592220.0,24.5797500169,350809415.64,433592220.0,21.2023630818,86228077.4,21.99,2527842642.6,23.898391623,2527842642.6,1.561381696886
151,000566,海南海药,4.24,0.712589073634,-4.88658414,-3.53656518,2.63483984,0.020497449405,2.70479152,28.02662795,化学制药,-0.051977402,-3.18,86.435925024817,1.609206,1297365126.0,-3.3787134118,1474222452.43,1165390241.0,69.9883877041,-67433669.19,-61.18,5500828134.240001,39.8639561052,4941254621.84,-1.59995162627
152,000567,海德股份,13.53,-0.806451612903,18.0821538,32.81015156,2.51660815,0.057337353085,11.86165871,-23.10661851,多元金融,0.584335551,11.06,135.186401628905,5.3762839,929651442.0,69.0749109563,786433713.89,927672105.0,31.7577934477,543228387.6,17.71,12829189899.6,0.0,12801875049.0,1.007451594788
153,000568,泸州老窖,219.17,-2.287115470352,32.59408084,40.54968828,10.1334066,0.942140255858,13.40946905,32.0832679,酿酒行业,5.5828054,27.35,30.942587071399,21.628462,1471895100.0,47.1869414926,17524835252.45,1464504555.0,26.4455446887,8217303913.08,29.96,328247326251.0,86.7788439473,326599160810.55,16.734385805931
154,000570,苏常柴A,4.64,-2.315789473684,24.60006614,31.78849621,0.99170589,0.295110673955,1.49182896,-100.16902909,汽车零部件,0.192449758,4.21,28.473593230244,4.6788065,705692507.0,7.941356926400001,1723822161.11,498874326.0,37.5395432159,135810351.96,18.2,3295584007.69,11.3431978299,2329743102.42,1.402420837281
155,000571,ST大洲,2.32,-0.429184549356,-332.41598161,-12.8060622,3.99670925,-12.473822422127,1.32226244,3.38938477,煤炭行业,0.093239873,17.29,215.189000718252,0.5804776,814064000.0,22.775875543599998,1051764862.35,814036325.0,63.8474317197,75903224.13,18.98,1921191040.0,53.3225482773,1921125727.0,-1.362649659879
156,000572,海马汽车,4.77,-0.831600831601,89.41849745,70.24572375,2.25392787,-9.395862429668,3.30049284,15.49159716,汽车整车,-0.118554749,-5.45,-14.000511803147,2.1163055,1644636426.0,-12.552155588,1752888292.19,1642155224.0,44.8238330554,-194979458.44,-30.56,7943593937.58,15.9707556185,7931609731.92,-1.272340341694
157,000573,粤宏远A,4.25,1.190476190476,50.57759219,19.29105533,1.63414299,0.041044374015,2.68006155,-18.82088079,房地产开发,0.072891165,2.74,-65.152392028409,2.6007516,638280604.0,5.4579574429,759864320.01,632930025.0,36.7921122104,46525017.02,43.52,2699926954.92,9.3832947518,2677294005.7500005,0.358633733949
158,000576,甘化科工,10.02,0.0999000999,639.30132492,139.28803586,2.59671225,-6.61954434578,12.0037327,100.97200664,综合行业,0.163557774,4.35,-25.595247553206,3.8587256,442861324.0,24.957976561600002,294696138.12,429489267.0,11.0380866774,72433412.37,46.63,4503899665.08,59.1023039125,4367905845.39,1.197900917015
159,000581,威孚高科,17.73,-0.225098480585,8.979029,6.94367276,0.93553372,-1.308823598726,1.56819125,-5.60514221,汽车零部件,1.533022331,7.96,-27.407701450467,18.9517488,1008603293.0,15.807148957299999,10094925974.98,824201457.0,37.4310891271,1546211371.25,8.68,17892622417.82,17.2979857069,14621333847.179998,14.626106401489
160,000582,北部湾港,7.26,-1.759133964817,12.1421333,12.51251084,1.03104058,-2.644166044622,2.03502486,5.54726564,航运港口,0.437811071,6.39,4.212853391354,7.0414299,1772157366.0,18.7436743974,4554324144.47,1407981784.0,49.1012480822,775870114.62,12.56,12989913492.78,34.3009574265,10320506476.72,3.24281058456
161,000584,哈工智能,7.02,-1.95530726257,-5.38352576,-9.08591414,4.02505949,4.6983182e-05,3.41964412,43.62636436,专用设备,-0.646810979,-31.25,-460.216435696622,1.7440736,760937577.0,-52.333072821,1019387369.35,745978963.0,70.8303144868,-492182779.49,-8.05,5280906784.38,8.7747934867,5177094003.22,-0.962014855471
162,000586,汇源通信,8.25,-3.169014084507,71.18720968,61.04805468,5.08205703,14.346192004532,3.70320269,144.57133483,通信设备,0.097952659,6.22,-16.422998996743,1.6233584,193440000.0,6.5042356541999995,309244766.63,193440000.0,44.7685722721,18947962.29,63.47,1603617599.9999998,32.6795232208,1603617599.9999998,0.196649819686
163,000587,*ST金洲,0.98,-4.854368932039,-1.95390995,-1.36475865,41.39171887,-0.000779646222,30.67000867,284.35630555,珠宝首饰,-0.025900729,-48.35,89.315673581606,0.0236762,2123749330.0,-88.5030266945,62152288.26,1213011850.0,95.3269493434,-55006656.27,-26.93,1975086876.9,4.2938659134,1128101020.5,-3.910033473663
164,000589,贵州轮胎,4.79,0.63025210084,14.53020512,14.86613762,0.88357642,-0.56995684201,0.67055659,-28.70447204,橡胶制品,0.222595798,4.12,3.462449438053,5.4211496,1147500066.0,4.1120818778,6251537340.18,1129669266.0,59.5786047102,255428692.42,16.24,5530950318.12,15.510984767,5445005862.12,1.733289997615
165,000590,启迪药业,9,-4.357066950053,178.53569195,60.81620547,3.0965169,3.822520442594,4.72447766,432.60478049,中药,0.065557469,2.28,-59.813792619958,2.9064915,239471267.0,4.2555765309,371821645.67,239376227.0,38.6417539875,15699130.16,101.36,2121715425.62,32.6811722435,2120873371.2199998,-0.264801672094
166,000591,太阳能,7.24,-5.606258148631,24.6264596,23.96823307,1.31064285,1.734375385942,3.68070112,15.07862108,电力行业,0.297908498,6.93,-2.63863731774,5.5240068,3909227441.0,19.965221755800002,5889828909.8,3007062557.0,53.2675012318,1164592076.54,18.5,28732821691.35,40.3868846325,22101909793.95,1.447505575875
167,000592,平潭发展,2.57,-1.153846153846,-11.53398274,-12.81929207,1.90343295,0.084521263274,3.87443577,94.65590465,农牧饲渔,0.00575609,0.43,-79.513379194823,1.350192,1931780892.0,1.2935368301,828743751.3,1913936915.0,39.8927282364,11119504.38,338.77,5022630319.2,8.4654212837,4976235979.0,-0.401676157298
168,000593,德龙汇能,7.48,-2.222222222222,59.55623886,53.12795885,2.47011946,1.440256118484,1.81128727,12.90985891,燃气,0.09430911,3.16,-13.877437721201,3.0281936,358631009.0,3.1575082791,1051027407.89,358456319.0,47.4011723935,33822171.18,59.56,2686146257.41,15.2842188723,2684837829.31,0.113101257956
169,000595,宝塔实业,6.86,2.388059701493,-47.68513232,-44.05563331,10.95307819,-0.000600768553,36.65854538,-87.54523878,通用设备,-0.036987555,-5.75,24.266991942589,0.626308,1138656366.0,-24.004097800900002,172598362.97,1138084204.0,39.2407943546,-42116114.46,-137.28,7708703597.82,-1.0445368247,7704830061.08,-0.995653627734
170,000596,古井贡酒,269.34,0.5,48.23506903,61.95807918,7.9114066,2.007268556077,8.93618547,22.37034295,酿酒行业,4.961577156,14.69,33.203643813306,34.0445149,528600000.0,21.220502573,12764649465.86,408600000.0,38.9631115886,2622689684.69,40.57,141876240000.0,76.4041651355,109668239999.99998,20.766447709327
171,000597,东北制药,6.59,-1.494768310912,46.8697482,95.45006719,2.19948813,0.024698616835,1.09789626,9.65516637,化学制药,0.08933795,3.05,402.551773546899,3.0149606,1434316265.0,2.0797191296,6569422153.84,1336654741.0,70.7743152709,128138875.0,53.56,9150937770.7,38.647042498,8527857247.58,0.422026480812
172,000598,兴蓉环境,4.88,-0.408163265306,8.93830481,9.75138767,1.00266857,0.590650111718,2.0459328,4.4824714,公用事业,0.46049272,9.81,10.970258993478,4.8670121,2986218602.0,28.5161793399,4941660478.23,2969228602.0,58.9368828942,1375131926.24,7.96,14602608963.779999,45.3740055291,14519527863.779999,3.117274682549
173,000599,青岛双星,4.14,-1.66270783848,-5.35505798,-10.55729565,1.31496584,0.003354134408,0.87745702,1663.93568336,橡胶制品,-0.562020948,-17.0,-210.395704725148,3.1483708,816792487.0,-16.1594538574,3035463181.92,816744457.0,72.821141916,-459054488.21,-5.56,3406024670.79,0.6677634692,3405824385.69,-0.381425598091
174,000600,建投能源,5.16,-1.901140684411,-7.80161941,-4.18259586,0.930869,0.006964999501,0.50942273,8.43856478,电力行业,0.159256879,2.93,138.558597838014,5.5432075,1791626376.0,3.2163084891,13834066770.93,1090044126.0,66.4995614066,285328824.79,24.72,9406038474.0,13.1585129299,5722731661.5,1.604476309306
175,000601,韶能股份,4.6,-2.335456475584,381.14780557,179.63545398,1.04726213,-1.341739193984,1.30289292,10.33759064,电力行业,0.117128977,2.68,-10.361107009722,4.3924056,1080551669.0,4.3275465278,3011731838.62,1079882262.0,60.8084552088,126563911.13,29.9,5046176294.23,20.759655053,5043050163.54,1.107357666466
176,000603,盛达资源,12.52,-1.33963750985,21.46127531,20.48535155,3.04413099,0.399088059205,4.56603163,10.28775159,有色金属,0.319064863,8.07,-8.012552058717,4.1128322,689969346.0,23.365041454300002,1219172796.45,588809719.0,38.8297488511,220144975.11,29.38,8624616825.0,48.4621628132,7360121487.5,3.692356239621
177,000605,渤海股份,5.99,-1.963993453355,403.10584183,184.64150434,1.00710404,-10.066322595368,1.18050999,13.51072643,公用事业,0.029741138,0.5,-37.152571511227,5.9477469,352658600.0,1.4162699204,1172117903.6,337643688.0,65.889374922,10488468.19,151.81,2123004771.9999998,22.0206247816,2032615001.7599998,1.676800468215
178,000606,*ST顺利,2,-0.497512437811,-2.43626024,-2.435587,-4.68295878,-0.102952145521,19.19740791,-18.14791645,互联网服务,-0.102571525,-27.29,0.22074380477,-0.4270804,765799353.0,-155.9484518257,51203924.05,765799353.0,179.547569399,-78549207.84,-14.7,1539256699.5299997,18.3680706987,1539256699.5299997,-3.904626415857
179,000607,华媒控股,5.28,-1.123595505618,56.60111644,45.80634375,3.48529702,-0.996122660598,2.94646439,16.46709528,文化传媒,0.054413078,3.66,-28.775501648414,1.5149354,1017698410.0,5.145700282,1217988090.94,884917794.0,51.5154296458,55376103.06,73.6,5434509509.4,22.0092325142,4725461019.96,0.708112600284
180,000608,阳光股份,3.34,-1.764705882353,49.63082844,38.97221023,0.80919853,-3.867710787761,4.66167238,7.78857192,房地产开发,-0.00067568,-0.02,-103.811045002496,4.1275409,749913309.0,3.9415806473,305405202.31,749801859.0,33.4901716198,-506701.73,-3773.97,2549705250.6,65.0995233599,2549326320.6,1.996666146327
181,000609,中迪投资,6.24,-6.306306306306,-5.25641949,-4.9707898,2.43454453,0.211785645333,1.62417456,9.24564998,房地产开发,-0.323634403,-11.88,17.408229930314,2.5631078,299265522.0,-23.1582453226,418220884.53,292089147.0,71.173439416,-96852618.43,-14.81,1912306685.58,3.2480724427,1866449649.33,0.96104542701
182,000610,西安旅游,20.04,9.989023051592,-39.46896689,-64.93140924,6.43366344,0.154688557315,9.12216954,-33.96836772,旅游酒店,-0.34159738,-10.4,-139.734152306581,3.1148661,236747901.0,-23.329367535699998,381617635.9,235421894.0,64.8852973867,-80872462.8,-42.24,4555029615.24,-1.7160320551,4529517240.559999,0.223941326517
183,000612,焦作万方,5.22,-1.509433962264,27.94470348,15.69082776,1.16287456,-1.694083958442,1.03645199,17.48760852,有色金属,0.295413738,6.73,-33.057492169351,4.4888762,1192199394.0,7.112139397300001,4951985047.18,1190782269.0,30.9562518565,352192079.49,13.23,6211358842.74,4.765482841,6203975621.49,1.776959008687
184,000615,奥园美谷,8.58,10,-12.03630747,-26.45327832,5.04479135,-0.093038924363,5.6432451,-57.25821955,美容护理,-0.118449508,-6.7,-143.862347417761,1.7007641,781180319.0,-9.8947033353,1091195042.45,779739917.0,54.6834410835,-92530424.48,-52.81,6515043860.46,22.8956940786,6503030907.78,0.799390217113
185,000616,ST海投,1.82,-0.546448087432,32.25205563,57.67347396,0.52595422,-3.222111967883,55.25653757,-89.71782263,房地产开发,0.068784145,2.12,56.645872087472,3.4603772,1430234425.0,310.8543016336,38026518.88,1430234425.0,9.0069451527,98377451.51,19.95,2617328997.75,36.9562305831,2617328997.75,2.036771852419
186,000617,中油资本,5.61,-0.70796460177,13.37312743,12.778474,0.74100577,-0.568858973503,2.25199635,1.37068943,多元金融,0.393159118,5.27,-4.730430494576,7.5707913,12642079079.0,1805.9006144165,23300764809.09,12642079079.0,82.1981463365,4970348656.15,10.72,71048484423.98,29.0979950356,71048484423.98,2.656411833118
187,000619,海螺新材,6.29,-1.71875,-21.54409545,-15.78427412,0.98912081,0.016497423506,0.44834879,-30.52538059,装修建材,-0.031111663,-0.49,77.398027657313,6.3591828,360000000.0,-0.0740511996,4113387123.76,360000000.0,49.520210753,-11200198.62,-151.63,2264400000.0,8.6748733084,2264400000.0,3.441378589944
188,000620,新华联,3.76,9.941520467836,-1.98935299,-1.83190414,6.07135145,0.00602938123,0.90431793,3.14731853,房地产开发,-0.780305506,-77.32,17.231174614048,0.619302,1896690420.0,-47.2643706945,3117998898.25,1896624195.0,93.0956514965,-1479997978.21,-3.67,7245357404.4,16.4856386575,7245104424.9,-0.854947121017
189,000622,恒立实业,4.13,-2.823529411765,-901.85893774,982.79091197,8.93726814,-121.474266441067,10.07121404,10.06589452,汽车零部件,-0.026025522,-5.48,-50.927065591874,0.4621099,425226000.0,-8.16317187,135568979.39,425226000.0,37.9243123859,-11066728.79,-121.9,1798705980.0000002,3.5218180969,1798705980.0000002,-1.002481281977
190,000623,吉林敖东,15.06,1.073825503356,18.08648391,9.83740311,0.70857354,4.599544450048,6.6898503,102.21604113,化学制药,0.757053978,3.5,-47.978803090741,21.253969,1163047799.0,46.3760233445,1912824062.19,1159253747.0,14.5303939478,880489963.14,14.88,17468977940.98,50.2384934948,17411991279.94,15.19021088215
191,000625,长安汽车,12.29,-0.566343042071,16.34540119,34.32517212,1.97241818,1.897089639027,1.09564684,29.89310302,汽车整车,0.695430129,11.71,130.593310295714,6.2309302,9921799422.0,8.0432985108,85351624483.14,7604420121.0,56.9006676838,6899918252.01,13.43,123526402803.9,20.3199589051,94675030506.45,4.134505732362
192,000626,远大控股,9.24,-1.492537313433,36.2508008,21.16942645,1.55494438,0.084040708306,0.05655916,9.0863507,贸易行业,0.237933489,4.11,-43.284498942875,5.9423347,508940464.0,0.25879966769999996,61661629248.21,500166335.0,63.2680411999,121093980.48,29.44,4753503933.76,0.6913516544,4671553568.9,2.395089213264
193,000627,天茂集团,3.08,-2.53164556962,42.76629529,32.32780161,0.71696111,-1.71847618501,0.29306197,2.75496721,保险,0.048093845,1.09,-32.593096550457,4.2959094,4940629165.0,1.1657003434,37829601508.98,4552504165.0,87.5229854419,237613853.76,49.12,15562981869.75,0.0,14340388119.75,1.323789943247
194,000628,高新发展,11.03,-0.541027953111,30.10072595,23.78753986,2.37074367,-1.490486069639,0.61598625,-8.52788883,工程建设,0.235709075,5.19,-29.208174386522,4.6525485,352280000.0,1.7471326308,4132070482.75,192074040.0,84.8731473698,83035593.05,35.19,3896216800.0,9.1244614816,2124338882.4,0.985108752668
195,000629,钒钛股份,4.69,-2.087682672234,27.97189541,30.3866915,4.57808714,0.035208705717,2.77497163,15.2673055,钢铁行业,0.142674289,15.02,10.301061217174,1.0244453,8602447902.0,11.0478904676,11387232363.26,8589431322.0,21.3509636907,1227348135.65,24.76,40517529618.42,17.9191682541,40456221526.62,-0.501314363687
196,000630,铜陵有色,3.08,-0.645161290323,12.90379458,10.45377303,1.30873585,0.041573680813,0.27246811,3.19106264,有色金属,0.17677126,7.73,-24.038694359368,2.3534161,10526533308.0,2.3737584012,88681548207.1,10526380475.0,50.8560670761,1860788560.51,13.24,32842783920.960003,5.4594308379,32842307082.0,0.734247596449
197,000631,顺发恒业,3.34,-2.052785923754,65.0365369,85.02842395,1.3316268,-1.403227782819,30.64510279,12.06362714,房地产开发,0.046247179,1.81,35.334834926721,2.5082103,2432519168.0,56.8025501772,208476909.33,2432519168.0,33.5458167585,112497150.31,54.49,8173264404.48,49.9573429473,8173264404.48,1.093102882686
198,000632,三木集团,4.48,-1.969365426696,131.04739912,81.68722732,1.45351683,-5.1051539865,0.18221768,11.03215,综合行业,0.032879793,1.07,-38.584944705139,3.0821797,465519570.0,0.0479875326,9034141746.63,465431606.0,82.8965222815,15306187.3,103.33,2108803652.1000001,3.5392827852,2108405175.18,0.697502926397
199,000633,合金投资,8.06,-1.707317073171,388.28829975,928.10751622,17.76123564,-2.526833375194,14.33653513,-490.85370686,小金属,0.017251984,3.87,233.143098482969,0.4537973,385106373.0,4.051296642700001,163993149.5,385103523.0,31.7538742531,6643848.96,351.7,3115510557.57,13.3430378566,3115487501.07,-0.8363161438
200,000635,英力特,8.65,-2.480270574972,-8.70477027,613.48236885,1.04712825,4.283470292637,1.36717434,81.85315445,化学原料,-0.464859986,-5.47,-185.617794178879,8.2606882,304610502.0,-9.519480411,1487489102.1,303087602.0,18.6560879445,-141601233.69,-14.0,2644019157.36,0.592673292,2630800385.36,0.701468929065
201,000636,风华高科,14.9,-2.230971128609,45.77889318,18.27928002,1.43683644,0.265607011573,4.28974986,39.99641881,电子元件,0.270367528,3.19,-64.426289219565,10.3700042,1157013211.0,10.8554798085,2918894480.95,1078476180.0,24.3932714642,312818802.18,41.17,17170076051.24,19.9930616663,16004586511.2,2.569677694035
202,000637,茂化实华,5.28,-1.308411214953,53.2594949,33.45107709,2.63549518,0.044645482572,0.39182877,3.76840493,石油行业,0.008937574,0.45,-86.787097457519,2.0034186,519875356.0,0.625859759,5133052851.97,368004142.0,59.204995832,4646424.23,447.27,2770935647.48,4.6455414196,1961462076.8600001,0.484003168656
203,000638,万方发展,6.93,-3.212290502793,43.61411436,35.24151474,13.4702033,3.8609306e-05,7.84528901,-48.64336858,软件开发,-0.022140685,-3.95,-241.846732597089,0.5144688,309400000.0,-6.5134707965,106468756.93,308159050.0,54.0166754293,-6850327.82,-240.17,2193646000.0,13.5224333458,2184847664.5,-0.950506271429
204,000639,西王食品,4.66,0.431034482759,-79.64739565,27.40385339,1.27307131,2.207422757443,0.82386475,150.69881752,食品饮料,-0.059315378,-1.66,-135.04775815228,3.6604391,1079428095.0,-1.4714467108,4630063812.85,1079426772.0,42.0392578225,-64026685.83,-59.3,5062517765.55,16.76902206,5062511560.68,0.908825298576
205,000650,仁和药业,6.3,0.961538461538,14.77904338,13.26208409,1.5690384,0.936927761112,1.72189077,11.149741,中药,0.326055509,8.28,-13.008876031113,4.0151981,1399938234.0,14.745538803899999,3845780533.16,1342318959.0,11.8079608818,456457572.95,14.33,8721615197.82,36.1585029216,8362647114.570001,2.18520128093
206,000651,格力电器,32.16,-1.258827141541,7.04060356,7.85241546,1.89217373,1.837494851576,0.91260863,10.12265708,家电行业,3.250365006,17.94,16.998310158191,16.9963252,5631405741.0,11.8267638009,148343664696.65,5587489552.0,71.5001524147,18304124152.74,7.46,182119661663.94003,25.5401276635,180699412111.68002,16.547969279683
207,000652,泰达股份,4.01,-1.474201474201,25.24887097,24.55703745,1.08158947,1.120036388781,0.27196669,-4.69949119,综合行业,0.091874837,2.5,-4.643870144458,3.7075065,1475573852.0,0.7028261559,14333682982.79,1474454109.0,83.3773095339,135568107.26,32.98,5961318362.08,5.6525442611,5956794600.36,1.866575757375
208,000655,金岭矿业,6.52,-2.395209580838,-85.23321476,30.33458062,1.26802488,5.929973681175,2.6788311,10.88604315,钢铁行业,0.335033504,6.67,-46.520058055092,5.1418549,595340230.0,18.244986961400002,1127975611.63,595340230.0,13.2883881727,199458923.14,14.69,3905431908.7999997,25.9340974267,3905431908.7999997,2.736467306804
209,000656,金科股份,1.89,-3.076923076923,-1.93687475,2.80290758,0.33246745,0.078521151751,0.10964758,0.73596483,房地产开发,-0.802182804,-13.7,-194.606426647587,5.684767,5339715816.0,-10.4255670963,43414599810.31,5312117992.0,79.4767406926,-4283428204.16,-1.78,10145460050.4,6.0444593242,10093024184.8,2.548081686904
210,000657,中钨高新,16.05,-2.490886998785,32.65872095,32.71940891,3.21510636,0.206947832532,1.39488871,33.70927787,小金属,0.370618939,7.48,0.246555577795,4.9920588,1075526842.0,4.9403443393,9971291326.62,947694430.0,45.0841751672,398610617.21,32.4,17219184740.420002,16.728027868,15172587824.300001,0.768754263039
211,000659,珠海中富,3.06,0,-35.41552766,152.19718851,7.11762438,0.634774926733,2.91322552,15.3929293,包装材料,-0.021220332,-4.8,-124.880811841879,0.4299187,1285702520.0,-2.5761650948,1083841382.54,1285702520.0,79.744260679,-27283034.96,-108.5,3947106736.3999996,17.5580471659,3947106736.3999996,-1.153657793025
212,000661,长春高新,168.07,-0.444260158749,16.69277727,18.10294844,3.91635693,0.748930485074,5.59642827,21.27344854,生物制品,8.560520671,21.91,10.08592500837,42.9148831,404720290.0,37.037227875700005,9646227873.97,402020052.0,20.8947093102,3464616408.42,14.59,67406164299.50001,88.8151450686,66956439660.600006,32.51366502055
213,000663,永安林业,8.4,-1.869158878505,9.70425226,51.77312945,2.89616229,0.687379615978,3.63967864,7.69440635,装修建材,0.976593877,40.0,257.412119885844,2.90039,336683929.0,49.5425117127,664056115.56,306298033.0,9.9489349546,328803463.62,6.37,2791109771.41,49.3973404994,2539210693.5699997,-2.798498141977
214,000665,湖北广电,6.53,-0.30534351145,-11.89876548,-16.59911495,1.22810683,-0.612882824606,3.47788616,17.90533648,文化传媒,-0.328796806,-5.98,-89.623171493733,5.317127,1134129718.0,-25.1370886032,1458297497.48,1134084253.0,45.8551086318,-372898229.13,-15.08,7496597435.9800005,6.7188928603,7496296912.33,0.26153173781
215,000666,经纬纺机,9.94,-1.192842942346,11.53888318,11.64229561,0.71081893,0.23311585931,0.56367515,3.36359279,多元金融,0.568420002,4.15,1.364499094637,13.9838706,704130000.0,17.2846863481,8980769263.87,293497261.0,39.544984726,400241576.07,13.12,6999052200.0,17.670423094,2917362774.3399997,7.612182558562
216,000667,美好置业,1.39,-1.418439716312,-1.18979725,-1.28297729,0.92125763,5.1244373e-05,0.5750002,-10.45716524,房地产开发,-0.317654988,-19.06,-36.446116705483,1.508807,2466988633.0,-31.9818752236,4333609963.93,2439311281.0,88.8769911813,-783651245.17,-3.28,3429114199.87,2.8194749732,3390642680.5899997,-0.304400370478
217,000668,荣丰控股,12.59,-1.254901960784,7.30301133,7.84700329,1.50406543,-0.001324752883,2.63020195,-3.93971198,房地产开发,-0.189218436,-2.38,38.710841114399,8.3706465,146841890.0,-2.3601450045,502023382.35,146688393.0,45.3095542904,-27785192.83,-50.14,1857549908.5,21.7983758939,1855608171.45,5.530742645712
218,000669,ST金鸿,1.67,-0.595238095238,-1.51453134,-1.71989907,2.31235358,0.000143018052,0.73150533,3.93317146,燃气,-0.161142977,-4.95,-446.63929555622,0.7222079,680408797.0,-12.138230736499999,950693300.49,680408797.0,77.4960559408,-109643099.16,-7.77,1136282690.99,13.9019548841,1136282690.99,-2.825468627796
219,000670,盈方微,7.02,-1.404494382022,977.27519819,1770.59479996,82.32853899,-96.997412107352,2.04887989,72.11166907,半导体,0.006548903,10.45,96.638076183258,0.0852681,816627360.0,2.1752424213,2064741762.54,609847112.0,79.3514251073,5348013.6,803.95,5732724067.2,7.414266266,4281126726.24,-0.742102349363
220,000671,阳光城,1.85,-2.116402116402,-0.48475501,-1.10186089,0.64407313,-0.001612303278,0.38408569,-0.55349853,房地产开发,-1.433862983,-41.45,-303.812698420931,2.8723446,4140382950.0,-31.8519789403,18749032202.18,4055224578.0,90.0467015668,-5936741848.96,-0.98,7783919946.0,9.4277660401,7623822206.639999,0.454102802013
221,000672,上峰水泥,10.66,-2.112029384757,7.2528732,4.7768486,1.25027474,0.943310197868,1.33502864,4.43284867,水泥建材,0.867713963,10.2,-46.751261560507,8.526126,975185779.0,16.9326443277,5163601226.89,975185779.0,42.883419792,846182316.85,9.23,10414984119.72,37.0997938155,10414984119.72,8.240106190053
222,000676,智度股份,5.19,-0.574712643678,68.99706693,49.62916916,1.60838255,-12.654611182261,1.99833334,7.1663689,文化传媒,0.093128671,2.98,-23.966465135244,3.2268443,1276506972.0,5.8046952349000005,2362244894.9,1262074702.0,18.4994733339,118879397.98,42.68,6765486951.599999,18.2609778949,6688995920.599999,-0.754917246022
223,000677,恒天海龙,2.99,-1.644736842105,40.88358488,33.20641961,6.33630849,0.028641657314,2.44813855,32.03181104,化纤行业,0.049121871,10.98,-25.606979393631,0.4718836,863977948.0,11.521225881900001,742444115.47,863977948.0,19.0955555233,42440213.05,45.5,2574654285.04,24.5036518479,2574654285.04,-1.581704086815
224,000678,襄阳轴承,5.64,-0.704225352113,-20.42628772,-52.20639881,2.67444758,-0.401769513151,2.27221719,17.72089135,汽车零部件,-0.182095993,-8.35,-1199.39147588076,2.1088467,459611797.0,-9.220732641,925188472.78,459611797.0,58.9808168211,-83693466.47,-23.35,2605998888.99,7.2629840132,2605998888.99,-0.718489271219
225,000679,大连友谊,6.92,10.015898251192,-11.65780665,-11.42266991,6.40883945,0.002366015897,15.74391104,-81.53855166,商业百货,-0.097205214,-8.61,11.166779908454,1.0797587,356400000.0,-36.4977766843,114210741.22,356400000.0,65.5747026795,-34643938.34,-56.79,2623104000.0,24.3894445763,2623104000.0,-0.669790933361
226,000680,山推股份,4.09,-0.968523002421,11.09596872,29.31198206,1.29234598,0.100257241641,0.72845863,-16.58379758,工程机械,0.323904906,9.96,241.542317456368,3.1647872,1501253212.0,7.5146664837,6526491769.88,1056968303.0,51.8623895962,486263280.49,9.49,6155138169.2,14.863443757,4333570042.299999,0.916138509677
227,000681,视觉中国,11.78,-2.644628099174,100.21698485,53.99176756,2.43946651,13.958887682638,12.48896108,52.67061517,文化传媒,0.114664654,2.42,-46.742193330979,4.8289247,700577436.0,15.3072325557,527778474.3,584264941.0,14.0086380957,80331469.02,80.39,8610096688.439999,56.1080414643,7180616124.889999,2.306162242856
228,000682,东方电子,8.01,0.628140703518,26.45833064,30.87932729,2.67932997,0.937709796892,2.11006081,32.33094229,电网设备,0.209439149,7.11,26.095388866359,2.9895534,1340727007.0,8.6051798627,3502111910.7,1340595407.0,50.2882635979,280800723.1,28.79,10779445136.279999,31.7443771909,10778387072.279999,1.075244871568
229,000683,远兴能源,7.77,-1.520912547529,5.39113956,5.68352799,2.29988732,0.000334142881,2.53043308,10.51844706,化学原料,0.647447372,18.7,12.932991087888,3.3784264,3621758560.0,33.595368564299996,8354404825.58,3276829798.0,41.2226810459,2344898062.29,8.97,28032411254.4,43.2914104528,25362662636.52,2.302373686251
230,000685,中山公用,6.91,-1.285714285714,10.48068442,6.95463272,0.66261131,1.6182166542,4.30363915,69.87754287,公用事业,0.462525203,4.44,-41.952115974381,10.4284366,1475111351.0,39.2833398952,1722298335.16,1253229908.0,32.3756533554,682276177.1,11.42,10384783911.04,27.0223320896,8822738552.32,7.115464517302
231,000686,东北证券,6.46,0,22.09940022,9.30996264,0.83593933,0.983844641699,2.37538077,1.92623241,证券,0.117626001,1.52,-77.344355589836,7.7278336,2340452915.0,8.338889550500001,3967289458.83,2340452915.0,77.6513378424,275298117.73,41.51,15236348476.65,0.0,15236348476.65,2.612537546542
232,000688,国城矿业,16.27,-1.572897761645,85.91230574,87.61662809,6.97380429,2.162104155647,7.55898592,31.14058008,有色金属,0.14202167,5.93,2.662909056116,2.3330164,1117646186.0,8.3517856572,1468419469.36,1117641866.0,50.4512755686,158729977.7,86.03,18206456369.94,30.3613576286,18206385997.14,1.320848338071
233,000690,宝新能源,6.42,-0.925925925926,72.04309106,16.94523217,1.241359,-1.938941580019,1.47797527,15.87296802,电力行业,0.087420351,1.7,-76.822315294749,5.1717513,2175887862.0,2.7366772152,6950650968.79,2174471375.0,42.797721577,190216881.37,56.11,14230306617.48,6.4889373359,14221042792.5,2.25876156002
234,000691,亚太实业,4.43,-1.773835920177,517.21926543,88.37512782,10.11881081,-50.729200881339,2.70771916,156.73696112,化学制品,0.015610689,3.63,-72.695640577187,0.4377985,323270000.0,3.8687716831000003,400716935.24,323270000.0,57.0633663687,5046467.53,217.16,1461180399.9999998,15.4337527669,1461180399.9999998,-1.165018712872
235,000692,惠天热电,3.35,-0.887573964497,-1.5689118,-8.07848184,-1.71951555,-0.077664519275,0.83825936,34.60928127,公用事业,-2.077612473,-227.52,-481.872349299652,-1.9482231,532832976.0,-94.1866320127,1194254169.38,532825851.0,120.0987349003,-1107020436.98,-1.22,1800975458.8799999,-70.1251266014,1800951376.3799999,-4.10674355029
236,000695,滨海能源,14.89,-1.325381047051,-39.69219269,-58.07558262,13.33065141,0.093654872414,7.44964726,-32.05127125,造纸印刷,-0.250500187,-20.17,-90.127969000072,1.1169747,222147539.0,-31.2517284447,331804289.62,221721339.0,53.965801535,-55648000.13,-44.43,3296669478.7599998,-8.4909641049,3290344670.7599998,-0.281183320739
237,000697,炼石航空,7.23,0.696378830084,-7.42525382,-8.75437306,65.80066035,0.419762024252,4.11832505,-31.39198041,航天航空,-0.434278984,-115.78,-51.608390170155,0.1098773,671616059.0,-32.1249425646,910275283.55,576888733.0,97.9964657053,-291668739.47,-12.4,4822203303.62,12.3978489804,4142061102.94,-3.783387499166
238,000698,沈阳化工,5.69,-5.95041322314,-10.13824281,43.98542727,1.20313631,0.893658600751,0.67963736,6.58776558,石油行业,-0.296724269,-6.09,-175.334055101908,4.7293062,819514395.0,-5.1103629146000005,4745175289.51,785710473.0,54.7526338571,-243169810.19,-14.46,4687622339.4,2.9326464935,4494263905.559999,1.638148866927
239,000700,模塑科技,4.6,0.217864923747,9.62316387,-20.76511119,1.47962104,-0.006810971176,0.59237948,12.10451009,汽车零部件,0.457820617,16.24,289.402726621223,3.1089042,917106450.0,7.9235080389,5300860889.09,917106450.0,67.0952686942,419870240.9,7.6,4255373927.9999995,18.358294499,4255373927.9999995,1.273843840058
240,000701,厦门信达,5.72,-2.555366269165,1054.12649737,70.67476656,6.10210685,-2.293247344074,0.03244589,1.80443981,商业百货,0.013159954,-16.28,-85.15813309879,0.9373812,564578376.0,0.12820846019999999,74916186709.88,411244056.0,83.3270872034,7429825.36,331.69,3285846148.32,1.5951648259,2393440405.92,-4.206510119332
241,000702,正虹科技,5.5,-0.900900900901,-17.34593642,-6.53836636,5.5638677,0.018888913609,1.19242124,40.26554014,农牧饲渔,-0.304205774,-26.45,63.27424791086,0.988521,266634576.0,-12.891379084499999,837303591.2,266634576.0,79.9679415489,-81111777.69,-13.83,1495819971.3600001,-0.5404852144,1495819971.3600001,-0.902561710039
242,000703,恒逸石化,6.97,0.287769784173,15.16081757,7.49813765,0.94424393,1.259889020696,0.1647119,15.20606576,化纤行业,0.35930482,5.0,-56.664903736121,7.3815671,3666280716.0,1.7776896386999999,123316300006.92,3647109291.0,67.8962601081,1317312332.36,14.4,25297336940.4,3.8034286553,25165054107.9,3.872651593643
243,000705,浙江震元,7.92,0.380228136882,36.78852158,34.23577205,1.38581668,-2.692655638485,0.6533728,48.21076991,医药商业,0.154488617,2.74,-9.412651648269,5.7150416,334123286.0,1.7566947808,3072140100.78,281852001.0,36.6208096248,51618244.43,38.64,2659621356.56,18.2801272145,2243541927.96,2.38333392112
244,000707,双环科技,9.42,-2.180685358255,4.1775389,10.34558901,3.25288971,-0.002258505277,0.98615431,3.86779735,化学原料,1.618037147,77.84,491.271237007357,2.8958867,464145765.0,22.787111497199998,3295745005.96,464145765.0,51.7449436989,751005089.17,4.37,4376894563.95,29.794613865,4376894563.95,-1.101822402775
245,000708,中信特钢,17.11,-1.155401502022,11.41287035,10.85892405,2.52365619,0.346998604597,0.88229123,5.27952378,钢铁行业,1.098326574,16.67,-6.509841264335,6.7798459,5047146709.0,7.356008127499999,75510508489.02,5047146709.0,61.2815189694,5543415354.59,11.77,86962337796.07,15.2964804099,86962337796.07,3.637824112667
246,000709,河钢股份,2.26,-0.877192982456,15.76341709,8.69079277,0.4562197,0.292206433658,0.16939797,6.05671435,钢铁行业,0.11246862,2.22,-50.917931972037,4.9537536,10337121092.0,1.1831611236,110031976002.58,10335407172.0,74.5422375828,1162601739.96,15.07,23361893667.92,8.3998878399,23358020208.719997,1.493191741489
247,000710,贝瑞基因,11.47,0,-26.23107443,-36.70259899,1.63375273,-0.136307116953,2.98404608,25.1828423,医疗器械,-0.045668053,-0.65,-157.743589404464,7.0206463,354605865.0,-1.3080520112,1053341449.12,306520790.0,24.5614128803,-16194159.31,-188.04,4060237154.2499995,45.526607471,3509663045.5,2.568505533517
248,000711,京蓝科技,2.8,1.449275362319,-2.09776953,-2.24727712,5.8515802,-0.081138515849,9.12582058,66.74717184,环保行业,-0.424408828,-61.45,-26.45890668965,0.4785032,1023667816.0,-266.38674577349997,181468017.97,820400095.0,92.2327954036,-434453658.34,-4.98,2886743241.12,20.4480253133,2313528267.9,-4.550589761933
249,000712,锦龙股份,12.8,0.62893081761,-29.09423057,-87.2537344,3.77561813,0.075350651905,74.85301698,-8.70247257,证券,-0.255244164,-7.21,-771.571233969141,3.3901734,896000000.0,-137.4222493008,198309986.75,895240775.0,76.5400688713,-228698770.51,-37.52,11441920000.0,0.0,11432224696.75,1.050448975156
250,000713,丰乐种业,8.98,-0.111234705228,28.30576902,30.13152993,2.94776417,0.015273155106,2.05432481,15.24499955,农牧饲渔,0.007581377,0.24,165.122304864913,3.0463767,614014980.0,0.204554994,1926946188.25,614014980.0,35.8360720485,4655079.33,890.34,5526134820.0,10.58672449,5526134820.0,1.153466945008
251,000715,中兴商业,8.11,10.040705563094,34.23633746,24.80765444,2.00096427,1.031033791751,4.50423954,44.07186744,商业百货,0.115491732,2.87,-43.8062460165,4.0530459,415718940.0,8.8997035985,540846384.91,415059494.0,32.1325184298,48012100.51,57.93,3708212944.8,54.3799216961,3702330686.48,2.168192603373
